date_compare,score
2024-12-05 - 2024-12-06,0.09616346026191039
2024-12-05 - 2024-12-09,0.17977135697051222
2024-12-05 - 2024-12-10,0.01826414582319325
2024-12-05 - 2024-12-11,0.09080688141292995
2024-12-05 - 2024-12-13,0.057919031508845795
2024-12-05 - 2024-12-15,0.05753654517076634
2024-12-05 - 2024-12-17,0.17315133230229754
2024-12-05 - 2024-12-18,0.023666611674213408
2024-12-05 - 2024-12-19,0.07045434532470474
2024-12-05 - 2024-12-21,0.1355351365059409
2024-12-05 - 2024-12-22,0.026151139535922723
2024-12-05 - 2024-12-23,0.07126904186439005
2024-12-05 - 2024-12-25,0.17221829360516708
2024-12-05 - 2024-12-26,0.11746061640609068
2024-12-05 - 2024-12-27,0.1199373118364557
2024-12-05 - 2024-12-28,0.10973078000842243
2024-12-05 - 2024-12-30,0.06375842915031513
2024-12-05 - 2025-01-01,3.7948871789665195
2024-12-05 - 2025-01-02,0.06100693502088404
2024-12-05 - 2025-01-03,0.018683199707441905
2024-12-05 - 2025-01-04,0.11836041870678876
2024-12-05 - 2025-01-06,0.1627291524665307
2024-12-05 - 2025-01-07,0.033711158152732325
2024-12-05 - 2025-01-10,0.05439914319098108
2024-12-05 - 2025-01-11,0.15014281313284222
2024-12-05 - 2025-01-14,0.05516090153319719
2024-12-05 - 2025-01-20,0.12031789571586735
2024-12-05 - 2025-01-22,0.11160927740194725
2024-12-05 - 2025-01-23,0.14849690852898184
2024-12-05 - 2025-01-24,0.1648056957271521
2024-12-05 - 2025-01-29,0.06344337768534557
2024-12-05 - 2025-01-31,0.1621339258464751
2024-12-05 - 2025-02-05,0.07196727119236107
2024-12-05 - 2025-02-06,0.1953758266655625
2024-12-05 - 2025-02-07,0.1892279048971198
2024-12-05 - 2025-02-09,0.17769160840509043
2024-12-05 - 2025-02-10,0.06314406131333805
2024-12-05 - 2025-02-11,0.14937122242176457
2024-12-05 - 2025-02-12,0.14908297804279688
2024-12-05 - 2025-02-13,0.12188529063470964
2024-12-05 - 2025-02-17,0.07234153340558774
2024-12-05 - 2025-02-18,0.04588236722408147
2024-12-05 - 2025-02-21,0.17933710351539514
2024-12-05 - 2025-02-22,0.1502766785731072
2024-12-05 - 2025-02-28,0.05590789621248512
2024-12-05 - 2025-03-01,0.5690674159877729
2024-12-05 - 2025-03-02,0.17327590239795637
2024-12-05 - 2025-03-03,0.010376153393421933
2024-12-05 - 2025-03-04,0.023970175841518386
2024-12-05 - 2025-03-07,0.6639517060970708
2024-12-05 - 2025-03-10,0.0367998548610876
2024-12-05 - 2025-03-11,0.08397989180636255
2024-12-05 - 2025-03-13,0.04692596947246612
2024-12-05 - 2025-03-14,0.09167228600697282
2024-12-05 - 2025-03-16,0.18221958347970724
2024-12-05 - 2025-03-17,0.05140016235527817
2024-12-05 - 2025-03-18,0.10332924258272369
2024-12-05 - 2025-06-03,0.059067787356544936
2024-12-05 - 2025-06-04,0.18567144498293955
2024-12-05 - 2025-06-05,0.10451206580681424
2024-12-05 - 2025-06-06,0.1975163726917567
2024-12-05 - 2025-06-10,0.08230432539885568
2024-12-06 - 2024-12-09,0.08389231941585397
2024-12-06 - 2024-12-10,0.07789931443871714
2024-12-06 - 2024-12-11,0.00551605956733405
2024-12-06 - 2024-12-13,0.038278078851944015
2024-12-06 - 2024-12-15,0.0386630979471728
2024-12-06 - 2024-12-17,0.07698787204038712
2024-12-06 - 2024-12-18,0.07259979452110485
2024-12-06 - 2024-12-19,0.025812149727874
2024-12-06 - 2024-12-21,0.0393716762440305
2024-12-06 - 2024-12-22,0.07001232072598766
2024-12-06 - 2024-12-23,0.02569195876618162
2024-12-06 - 2024-12-25,0.0763630134776081
2024-12-06 - 2024-12-26,0.021605336278531694
2024-12-06 - 2024-12-27,0.21610077209836606
2024-12-06 - 2024-12-28,0.01387549988086344
2024-12-06 - 2024-12-30,0.03323050106288649
2024-12-06 - 2025-01-01,3.8907424590940787
2024-12-06 - 2025-01-02,0.035915322847007
2024-12-06 - 2025-01-03,0.1148466599693523
2024-12-06 - 2025-01-04,0.022505138579229773
2024-12-06 - 2025-01-06,0.06687387233897167
2024-12-06 - 2025-01-07,0.06325730268715801
2024-12-06 - 2025-01-10,0.04252489121628057
2024-12-06 - 2025-01-11,0.05428753300528326
2024-12-06 - 2025-01-14,0.04180400496696038
2024-12-06 - 2025-01-20,0.024462615588308364
2024-12-06 - 2025-01-22,0.015753997274388254
2024-12-06 - 2025-01-23,0.052641628401422835
2024-12-06 - 2025-01-24,0.06895041559959311
2024-12-06 - 2025-01-29,0.03355778064249678
2024-12-06 - 2025-01-31,0.06627864571891609
2024-12-06 - 2025-02-05,0.02503886284001538
2024-12-06 - 2025-02-06,0.0995205465380035
2024-12-06 - 2025-02-07,0.0933726247695608
2024-12-06 - 2025-02-09,0.0818363282775314
2024-12-06 - 2025-02-10,0.03385745252424626
2024-12-06 - 2025-02-11,0.05351594229420559
2024-12-06 - 2025-02-12,0.05322769791523789
2024-12-06 - 2025-02-13,0.026030010507150654
2024-12-06 - 2025-02-17,0.024664245192378708
2024-12-06 - 2025-02-18,0.05111879115671162
2024-12-06 - 2025-02-21,0.08348182338783613
2024-12-06 - 2025-02-22,0.054421398445548226
2024-12-06 - 2025-02-28,0.041097882465890016
2024-12-06 - 2025-03-01,0.6652308762496832
2024-12-06 - 2025-03-02,0.07742062227039738
2024-12-06 - 2025-03-03,0.08661149971294323
2024-12-06 - 2025-03-04,0.07302209761412404
2024-12-06 - 2025-03-07,0.5677882458351604
2024-12-06 - 2025-03-10,0.06010232373604745
2024-12-06 - 2025-03-11,0.012960404207876381
2024-12-06 - 2025-03-13,0.0500043739153838
2024-12-06 - 2025-03-14,0.005295819669811787
2024-12-06 - 2025-03-16,0.08636430335214824
2024-12-06 - 2025-03-17,0.04560108482436589
2024-12-06 - 2025-03-18,0.0074739624551646965
2024-12-06 - 2025-06-03,0.03792466518821546
2024-12-06 - 2025-06-04,0.08981616485538058
2024-12-06 - 2025-06-05,0.00834860554490385
2024-12-06 - 2025-06-06,0.1016610925641977
2024-12-06 - 2025-06-10,0.014704736603528137
2024-12-09 - 2024-12-10,0.1617887555219672
2024-12-09 - 2024-12-11,0.08940837898318801
2024-12-09 - 2024-12-13,0.12217039826779798
2024-12-09 - 2024-12-15,0.12227099465577462
2024-12-09 - 2024-12-17,0.007124881245161446
2024-12-09 - 2024-12-18,0.15649211393695883
2024-12-09 - 2024-12-19,0.10970446914372796
2024-12-09 - 2024-12-21,0.04466447372620828
2024-12-09 - 2024-12-22,0.15372126920760967
2024-12-09 - 2024-12-23,0.10929985547478345
2024-12-09 - 2024-12-25,0.008248175507499303
2024-12-09 - 2024-12-26,0.06300291126465316
2024-12-09 - 2024-12-27,0.2997086688069679
2024-12-09 - 2024-12-28,0.07029951738697149
2024-12-09 - 2024-12-30,0.11683839777148831
2024-12-09 - 2025-01-01,3.9746347785099325
2024-12-09 - 2025-01-02,0.11952321955560882
2024-12-09 - 2025-01-03,0.1984545566779541
2024-12-09 - 2025-01-04,0.06221665037213452
2024-12-09 - 2025-01-06,0.017866397612098194
2024-12-09 - 2025-01-07,0.14686519939575982
2024-12-09 - 2025-01-10,0.1261327879248824
2024-12-09 - 2025-01-11,0.03042999139258885
2024-12-09 - 2025-01-14,0.12541190167556218
2024-12-09 - 2025-01-20,0.060295779644197536
2024-12-09 - 2025-01-22,0.06899089286710668
2024-12-09 - 2025-01-23,0.0321167668046077
2024-12-09 - 2025-01-24,0.015808335013826162
2024-12-09 - 2025-01-29,0.1171656773510986
2024-12-09 - 2025-01-31,0.018479749540501873
2024-12-09 - 2025-02-05,0.10864675954861719
2024-12-09 - 2025-02-06,0.015628227122149528
2024-12-09 - 2025-02-07,0.009480305353706815
2024-12-09 - 2025-02-09,0.0029220669284991253
2024-12-09 - 2025-02-10,0.11746534923284807
2024-12-09 - 2025-02-11,0.031233212557996076
2024-12-09 - 2025-02-12,0.031530697263771404
2024-12-09 - 2025-02-13,0.05871487963434428
2024-12-09 - 2025-02-17,0.10827214190098051
2024-12-09 - 2025-02-18,0.13472668786531344
2024-12-09 - 2025-02-21,0.0012541813022761536
2024-12-09 - 2025-02-22,0.03030963038445311
2024-12-09 - 2025-02-28,0.12470577917449184
2024-12-09 - 2025-03-01,0.7488387729582852
2024-12-09 - 2025-03-02,0.007328532420768565
2024-12-09 - 2025-03-03,0.17021939642154507
2024-12-09 - 2025-03-04,0.15662999432272587
2024-12-09 - 2025-03-07,0.48418034912655855
2024-12-09 - 2025-03-10,0.14371022044464926
2024-12-09 - 2025-03-11,0.09656830091647821
2024-12-09 - 2025-03-13,0.13361227062398562
2024-12-09 - 2025-03-14,0.08890371637841361
2024-12-09 - 2025-03-16,0.0024719839362942774
2024-12-09 - 2025-03-17,0.12920898153296767
2024-12-09 - 2025-03-18,0.0772049112961546
2024-12-09 - 2025-06-03,0.12153256189681727
2024-12-09 - 2025-06-04,0.005923845439526615
2024-12-09 - 2025-06-05,0.07556468302906176
2024-12-09 - 2025-06-06,0.01776877314834374
2024-12-09 - 2025-06-10,0.09831263331212996
2024-12-10 - 2024-12-11,0.0725427355897367
2024-12-10 - 2024-12-13,0.039654885685652556
2024-12-10 - 2024-12-15,0.039577701149320584
2024-12-10 - 2024-12-17,0.15488718647910427
2024-12-10 - 2024-12-18,0.005402465851020161
2024-12-10 - 2024-12-19,0.052190199501511485
2024-12-10 - 2024-12-21,0.11727099068274763
2024-12-10 - 2024-12-22,0.008067486314357518
2024-12-10 - 2024-12-23,0.05331019784294429
2024-12-10 - 2024-12-25,0.15425944958372131
2024-12-10 - 2024-12-26,0.09950177238464493
2024-12-10 - 2024-12-27,0.13820145765964897
2024-12-10 - 2024-12-28,0.09177193598697667
2024-12-10 - 2024-12-30,0.045799585128869356
2024-12-10 - 2025-01-01,3.8128460229879657
2024-12-10 - 2025-01-02,0.04304809099943828
2024-12-10 - 2025-01-03,0.03694734553063515
2024-12-10 - 2025-01-04,0.10040157468534301
2024-12-10 - 2025-01-06,0.14477030844508493
2024-12-10 - 2025-01-07,0.015752314131286565
2024-12-10 - 2025-01-10,0.036440299169535326
2024-12-10 - 2025-01-11,0.1321839691113965
2024-12-10 - 2025-01-14,0.03720205751175143
2024-12-10 - 2025-01-20,0.10235905169442158
2024-12-10 - 2025-01-22,0.09365043338050148
2024-12-10 - 2025-01-23,0.13053806450753608
2024-12-10 - 2025-01-24,0.14684685170570633
2024-12-10 - 2025-01-29,0.04548453366389981
2024-12-10 - 2025-01-31,0.14417508182502933
2024-12-10 - 2025-02-05,0.0540084271709153
2024-12-10 - 2025-02-06,0.17741698264411676
2024-12-10 - 2025-02-07,0.17126906087567403
2024-12-10 - 2025-02-09,0.15973276438364467
2024-12-10 - 2025-02-10,0.04518521729189228
2024-12-10 - 2025-02-11,0.1314123784003188
2024-12-10 - 2025-02-12,0.13112413402135112
2024-12-10 - 2025-02-13,0.10392644661326388
2024-12-10 - 2025-02-17,0.05438268938414199
2024-12-10 - 2025-02-18,0.027923523202635706
2024-12-10 - 2025-02-21,0.16137825949394938
2024-12-10 - 2025-02-22,0.13231783455166143
2024-12-10 - 2025-02-28,0.03794905219103936
2024-12-10 - 2025-03-01,0.5873315618109661
2024-12-10 - 2025-03-02,0.1553170583765106
2024-12-10 - 2025-03-03,0.0087121852742261
2024-12-10 - 2025-03-04,0.006011331820072624
2024-12-10 - 2025-03-07,0.6456875602738775
2024-12-10 - 2025-03-10,0.01884101083964184
2024-12-10 - 2025-03-11,0.06602104778491678
2024-12-10 - 2025-03-13,0.028967125451020353
2024-12-10 - 2025-03-14,0.07371344198552705
2024-12-10 - 2025-03-16,0.16426073945826147
2024-12-10 - 2025-03-17,0.033441318333832404
2024-12-10 - 2025-03-18,0.08537039856127793
2024-12-10 - 2025-06-03,0.04110894333509917
2024-12-10 - 2025-06-04,0.1677126009614938
2024-12-10 - 2025-06-05,0.086247919983621
2024-12-10 - 2025-06-06,0.17955752867031094
2024-12-10 - 2025-06-10,0.06434548137740993
2024-12-11 - 2024-12-13,0.03288784990408416
2024-12-11 - 2024-12-15,0.03330651909819236
2024-12-11 - 2024-12-17,0.08234445088936758
2024-12-11 - 2024-12-18,0.06714026973871655
2024-12-11 - 2024-12-19,0.020352536088225216
2024-12-11 - 2024-12-21,0.044743905256979744
2024-12-11 - 2024-12-22,0.06465574187700723
2024-12-11 - 2024-12-23,0.020335379917201184
2024-12-11 - 2024-12-25,0.08187907304494214
2024-12-11 - 2024-12-26,0.02712139584586574
2024-12-11 - 2024-12-27,0.21074419324938568
2024-12-11 - 2024-12-28,0.01939155944819749
2024-12-11 - 2024-12-30,0.027873922213906055
2024-12-11 - 2025-01-01,3.8852263995267444
2024-12-11 - 2025-01-02,0.030558743998026567
2024-12-11 - 2025-01-03,0.10949008112037185
2024-12-11 - 2025-01-04,0.02802119814656382
2024-12-11 - 2025-01-06,0.07238993190630572
2024-12-11 - 2025-01-07,0.057900723838177584
2024-12-11 - 2025-01-10,0.03716831236730013
2024-12-11 - 2025-01-11,0.0598035925726173
2024-12-11 - 2025-01-14,0.03644742611797994
2024-12-11 - 2025-01-20,0.029978675155642412
2024-12-11 - 2025-01-22,0.021270056841722305
2024-12-11 - 2025-01-23,0.058157687968756894
2024-12-11 - 2025-01-24,0.07446647516692716
2024-12-11 - 2025-01-29,0.02820120179351635
2024-12-11 - 2025-01-31,0.07179470528625015
2024-12-11 - 2025-02-05,0.019682283991034943
2024-12-11 - 2025-02-06,0.10503660610533755
2024-12-11 - 2025-02-07,0.09888868433689485
2024-12-11 - 2025-02-09,0.08735238784486546
2024-12-11 - 2025-02-10,0.028500873675265825
2024-12-11 - 2025-02-11,0.05903200186153963
2024-12-11 - 2025-02-12,0.05874375748257193
2024-12-11 - 2025-02-13,0.031546070074484706
2024-12-11 - 2025-02-17,0.01930766634339827
2024-12-11 - 2025-02-18,0.04576221230773119
2024-12-11 - 2025-02-21,0.0889978829551702
2024-12-11 - 2025-02-22,0.059937458012882285
2024-12-11 - 2025-02-28,0.03574130361690958
2024-12-11 - 2025-03-01,0.6598742974007028
2024-12-11 - 2025-03-02,0.08293668183773142
2024-12-11 - 2025-03-03,0.0812549208639628
2024-12-11 - 2025-03-04,0.0676655187651436
2024-12-11 - 2025-03-07,0.5731448246841409
2024-12-11 - 2025-03-10,0.05474574488706701
2024-12-11 - 2025-03-11,0.007603825358895944
2024-12-11 - 2025-03-13,0.044647795066403366
2024-12-11 - 2025-03-14,0.0013330654467478779
2024-12-11 - 2025-03-16,0.09188036291948229
2024-12-11 - 2025-03-17,0.04024450597538546
2024-12-11 - 2025-03-18,0.012990022022498746
2024-12-11 - 2025-06-03,0.032568086339235025
2024-12-11 - 2025-06-04,0.09533222442271463
2024-12-11 - 2025-06-05,0.013843695954126248
2024-12-11 - 2025-06-06,0.10717715213153177
2024-12-11 - 2025-06-10,0.0093481577545477
2024-12-13 - 2024-12-15,0.0004186691941082069
2024-12-13 - 2024-12-17,0.11523230079345172
2024-12-13 - 2024-12-18,0.03432171566916085
2024-12-13 - 2024-12-19,0.012535313815858934
2024-12-13 - 2024-12-21,0.07761610499709509
2024-12-13 - 2024-12-22,0.03176789197292308
2024-12-13 - 2024-12-23,0.013691840588775072
2024-12-13 - 2024-12-25,0.11464109232955212
2024-12-13 - 2024-12-26,0.05988341513047571
2024-12-13 - 2024-12-27,0.1778563433453015
2024-12-13 - 2024-12-28,0.05215357873280745
2024-12-13 - 2024-12-30,0.0061812278747001405
2024-12-13 - 2025-01-01,3.852464380242135
2024-12-13 - 2025-01-02,0.0034297337452690612
2024-12-13 - 2025-01-03,0.0766022312162877
2024-12-13 - 2025-01-04,0.060783217431173785
2024-12-13 - 2025-01-06,0.1051519511909157
2024-12-13 - 2025-01-07,0.025012873934093433
2024-12-13 - 2025-01-10,0.004280462463215979
2024-12-13 - 2025-01-11,0.09256561185722728
2024-12-13 - 2025-01-14,0.0035595762138957926
2024-12-13 - 2025-01-20,0.06274069444025238
2024-12-13 - 2025-01-22,0.05403207612633227
2024-12-13 - 2025-01-23,0.09091970725336686
2024-12-13 - 2025-01-24,0.1072284944515371
2024-12-13 - 2025-01-29,0.005866176409730598
2024-12-13 - 2025-01-31,0.10455672457086011
2024-12-13 - 2025-02-05,0.014390069916746084
2024-12-13 - 2025-02-06,0.1377986253899475
2024-12-13 - 2025-02-07,0.1316507036215048
2024-12-13 - 2025-02-09,0.12011440712947542
2024-12-13 - 2025-02-10,0.005566860037723068
2024-12-13 - 2025-02-11,0.0917940211461496
2024-12-13 - 2025-02-12,0.0915057767671819
2024-12-13 - 2025-02-13,0.06430808935909467
2024-12-13 - 2025-02-17,0.014764332129972772
2024-12-13 - 2025-02-18,0.012874362403647035
2024-12-13 - 2025-02-21,0.12175990223978016
2024-12-13 - 2025-02-22,0.09269947729749224
2024-12-13 - 2025-02-28,0.0028534537128254286
2024-12-13 - 2025-03-01,0.6269864474966187
2024-12-13 - 2025-03-02,0.11569870112234137
2024-12-13 - 2025-03-03,0.04836707095987865
2024-12-13 - 2025-03-04,0.034777668861059444
2024-12-13 - 2025-03-07,0.606032674588225
2024-12-13 - 2025-03-10,0.021857894982982858
2024-12-13 - 2025-03-11,0.02640269053074756
2024-12-13 - 2025-03-13,0.01175994516231921
2024-12-13 - 2025-03-14,0.03409508473135784
2024-12-13 - 2025-03-16,0.12464238220409227
2024-12-13 - 2025-03-17,0.007356656071301301
2024-12-13 - 2025-03-18,0.045752041307108714
2024-12-13 - 2025-06-03,0.001490586080929957
2024-12-13 - 2025-06-04,0.1280942437073246
2024-12-13 - 2025-06-05,0.04660571523873621
2024-12-13 - 2025-06-06,0.13993917141614173
2024-12-13 - 2025-06-10,0.02472712412324071
2024-12-15 - 2024-12-17,0.11565096998755994
2024-12-15 - 2024-12-18,0.03428105956431221
2024-12-15 - 2024-12-19,0.01295398300996714
2024-12-15 - 2024-12-21,0.07803477419120329
2024-12-15 - 2024-12-22,0.031510214834963066
2024-12-15 - 2024-12-23,0.013732496693623707
2024-12-15 - 2024-12-25,0.11468174843440074
2024-12-15 - 2024-12-26,0.05992407123532434
2024-12-15 - 2024-12-27,0.1774376741511933
2024-12-15 - 2024-12-28,0.05219423483765609
2024-12-15 - 2024-12-30,0.006221883979548776
2024-12-15 - 2025-01-01,3.8524237241372856
2024-12-15 - 2025-01-02,0.0034703898501176962
2024-12-15 - 2025-01-03,0.0761835620221795
2024-12-15 - 2025-01-04,0.060823873536022414
2024-12-15 - 2025-01-06,0.10519260729576431
2024-12-15 - 2025-01-07,0.024594204739985224
2024-12-15 - 2025-01-10,0.003861793269107772
2024-12-15 - 2025-01-11,0.0926062679620759
2024-12-15 - 2025-01-14,0.0031409070197875857
2024-12-15 - 2025-01-20,0.06278135054510102
2024-12-15 - 2025-01-22,0.0540727322311809
2024-12-15 - 2025-01-23,0.09096036335821547
2024-12-15 - 2025-01-24,0.10726915055638576
2024-12-15 - 2025-01-29,0.005906832514579234
2024-12-15 - 2025-01-31,0.10459738067570874
2024-12-15 - 2025-02-05,0.014430726021594719
2024-12-15 - 2025-02-06,0.13783928149479613
2024-12-15 - 2025-02-07,0.13169135972635343
2024-12-15 - 2025-02-09,0.12015506323432405
2024-12-15 - 2025-02-10,0.005607516142571702
2024-12-15 - 2025-02-11,0.09183467725099824
2024-12-15 - 2025-02-12,0.09154643287203053
2024-12-15 - 2025-02-13,0.0643487454639433
2024-12-15 - 2025-02-17,0.014804988234821407
2024-12-15 - 2025-02-18,0.012455693209538826
2024-12-15 - 2025-02-21,0.12180055834462879
2024-12-15 - 2025-02-22,0.09274013340234089
2024-12-15 - 2025-02-28,0.0024347845187172217
2024-12-15 - 2025-03-01,0.6265677783025104
2024-12-15 - 2025-03-02,0.11573935722719003
2024-12-15 - 2025-03-03,0.04794840176577045
2024-12-15 - 2025-03-04,0.03435899966695123
2024-12-15 - 2025-03-07,0.6064513437823331
2024-12-15 - 2025-03-10,0.021439225788874652
2024-12-15 - 2025-03-11,0.026443346635596193
2024-12-15 - 2025-03-13,0.011341275968211002
2024-12-15 - 2025-03-14,0.03413574083620648
2024-12-15 - 2025-03-16,0.12468303830894088
2024-12-15 - 2025-03-17,0.006937986877193094
2024-12-15 - 2025-03-18,0.045792697411957344
2024-12-15 - 2025-06-03,0.001531242185778592
2024-12-15 - 2025-06-04,0.12813489981217324
2024-12-15 - 2025-06-05,0.047011703492076645
2024-12-15 - 2025-06-06,0.13997982752099036
2024-12-15 - 2025-06-10,0.024767780228089346
2024-12-17 - 2024-12-18,0.14948472062808413
2024-12-17 - 2024-12-19,0.10269698697759279
2024-12-17 - 2024-12-21,0.03761619579635663
2024-12-17 - 2024-12-22,0.1470001927663748
2024-12-17 - 2024-12-23,0.10267983080656877
2024-12-17 - 2024-12-25,0.0016281508392846115
2024-12-17 - 2024-12-26,0.05638288659643848
2024-12-17 - 2024-12-27,0.29308864413875324
2024-12-17 - 2024-12-28,0.0636794927187568
2024-12-17 - 2024-12-30,0.11021837310327363
2024-12-17 - 2025-01-01,3.9675098972647715
2024-12-17 - 2025-01-02,0.11290319488739414
2024-12-17 - 2025-01-03,0.1918345320097394
2024-12-17 - 2025-01-04,0.055596625703919836
2024-12-17 - 2025-01-06,0.011246372943883502
2024-12-17 - 2025-01-07,0.14024517472754516
2024-12-17 - 2025-01-10,0.11951276325666771
2024-12-17 - 2025-01-11,0.02380996672437416
2024-12-17 - 2025-01-14,0.11879187700734753
2024-12-17 - 2025-01-20,0.05367575497598285
2024-12-17 - 2025-01-22,0.062370868198891996
2024-12-17 - 2025-01-23,0.025496742136393004
2024-12-17 - 2025-01-24,0.009188310345611473
2024-12-17 - 2025-01-29,0.11054565268288392
2024-12-17 - 2025-01-31,0.011859724872287182
2024-12-17 - 2025-02-05,0.10202673488040251
2024-12-17 - 2025-02-06,0.022753108367310974
2024-12-17 - 2025-02-07,0.01660518659886826
2024-12-17 - 2025-02-09,0.005068890106838887
2024-12-17 - 2025-02-10,0.11084532456463339
2024-12-17 - 2025-02-11,0.024613187889781386
2024-12-17 - 2025-02-12,0.02491067259555671
2024-12-17 - 2025-02-13,0.05209485496612959
2024-12-17 - 2025-02-17,0.10165211723276583
2024-12-17 - 2025-02-18,0.12810666319709876
2024-12-17 - 2025-02-21,0.006714385217143617
2024-12-17 - 2025-02-22,0.023689605716238418
2024-12-17 - 2025-02-28,0.11808575450627716
2024-12-17 - 2025-03-01,0.7422187482900703
2024-12-17 - 2025-03-02,0.0007085077525538749
2024-12-17 - 2025-03-03,0.16359937175333036
2024-12-17 - 2025-03-04,0.15000996965451116
2024-12-17 - 2025-03-07,0.49080037379477326
2024-12-17 - 2025-03-10,0.13709019577643458
2024-12-17 - 2025-03-11,0.08994827624826351
2024-12-17 - 2025-03-13,0.12699224595577094
2024-12-17 - 2025-03-14,0.08228369171019893
2024-12-17 - 2025-03-16,0.009596865181455723
2024-12-17 - 2025-03-17,0.12258895686475303
2024-12-17 - 2025-03-18,0.07058488662793991
2024-12-17 - 2025-06-03,0.11491253722860258
2024-12-17 - 2025-06-04,0.013048726684688062
2024-12-17 - 2025-06-05,0.06863926649548328
2024-12-17 - 2025-06-06,0.024893654393505188
2024-12-17 - 2025-06-10,0.09169260864391525
2024-12-18 - 2024-12-19,0.046787733650491325
2024-12-18 - 2024-12-21,0.11186852483172748
2024-12-18 - 2024-12-22,0.0027708447293491472
2024-12-18 - 2024-12-23,0.048013556257935915
2024-12-18 - 2024-12-25,0.14896280799871295
2024-12-18 - 2024-12-26,0.09420513079963655
2024-12-18 - 2024-12-27,0.1436039235106691
2024-12-18 - 2024-12-28,0.0864752944019683
2024-12-18 - 2024-12-30,0.04050294354386099
2024-12-18 - 2025-01-01,3.8181426645729735
2024-12-18 - 2025-01-02,0.037751449414429906
2024-12-18 - 2025-01-03,0.04234981138165531
2024-12-18 - 2025-01-04,0.09510493310033463
2024-12-18 - 2025-01-06,0.13947366686007656
2024-12-18 - 2025-01-07,0.010455672546278194
2024-12-18 - 2025-01-10,0.031143657584526953
2024-12-18 - 2025-01-11,0.1268873275263881
2024-12-18 - 2025-01-14,0.031905415926743064
2024-12-18 - 2025-01-20,0.09706241010941322
2024-12-18 - 2025-01-22,0.08835379179549312
2024-12-18 - 2025-01-23,0.12524142292252768
2024-12-18 - 2025-01-24,0.14155021012069796
2024-12-18 - 2025-01-29,0.040187892078891445
2024-12-18 - 2025-01-31,0.13887844024002094
2024-12-18 - 2025-02-05,0.04871178558590693
2024-12-18 - 2025-02-06,0.17212034105910837
2024-12-18 - 2025-02-07,0.16597241929066564
2024-12-18 - 2025-02-09,0.15443612279863628
2024-12-18 - 2025-02-10,0.03988857570688391
2024-12-18 - 2025-02-11,0.12611573681531044
2024-12-18 - 2025-02-12,0.12582749243634272
2024-12-18 - 2025-02-13,0.09862980502825551
2024-12-18 - 2025-02-17,0.04908604779913362
2024-12-18 - 2025-02-18,0.022626881617627333
2024-12-18 - 2025-02-21,0.156081617908941
2024-12-18 - 2025-02-22,0.12702119296665307
2024-12-18 - 2025-02-28,0.03265241060603099
2024-12-18 - 2025-03-01,0.5927340276619864
2024-12-18 - 2025-03-02,0.15002041679150224
2024-12-18 - 2025-03-03,0.01411465112524626
2024-12-18 - 2025-03-04,0.0007146902350642537
2024-12-18 - 2025-03-07,0.6402850944228573
2024-12-18 - 2025-03-10,0.013544369254633468
2024-12-18 - 2025-03-11,0.060724406199908404
2024-12-18 - 2025-03-13,0.023670483866011983
2024-12-18 - 2025-03-14,0.06841680040051869
2024-12-18 - 2025-03-16,0.1589640978732531
2024-12-18 - 2025-03-17,0.028144676748824028
2024-12-18 - 2025-03-18,0.08007375697626955
2024-12-18 - 2025-06-03,0.0358123017500908
2024-12-18 - 2025-06-04,0.16241595937648545
2024-12-18 - 2025-06-05,0.08092743090789706
2024-12-18 - 2025-06-06,0.17426088708530257
2024-12-18 - 2025-06-10,0.05904883979240155
2024-12-19 - 2024-12-21,0.06508079118123615
2024-12-19 - 2024-12-22,0.04430320578878202
2024-12-19 - 2024-12-23,0.001225911464705059
2024-12-19 - 2024-12-25,0.1021751632054821
2024-12-19 - 2024-12-26,0.04741748600640569
2024-12-19 - 2024-12-27,0.19039165716116044
2024-12-19 - 2024-12-28,0.039687649608737434
2024-12-19 - 2024-12-30,0.007521386125680835
2024-12-19 - 2025-01-01,3.8649303093662044
2024-12-19 - 2025-01-02,0.010206207909801349
2024-12-19 - 2025-01-03,0.08913754503214665
2024-12-19 - 2025-01-04,0.04831728830710377
2024-12-19 - 2025-01-06,0.09268602206684569
2024-12-19 - 2025-01-07,0.03754818774995237
2024-12-19 - 2025-01-10,0.016815776279074914
2024-12-19 - 2025-01-11,0.08009968273315726
2024-12-19 - 2025-01-14,0.016094890029754724
2024-12-19 - 2025-01-20,0.050274765316182364
2024-12-19 - 2025-01-22,0.04156614700226226
2024-12-19 - 2025-01-23,0.07845377812929684
2024-12-19 - 2025-01-24,0.0947625653274671
2024-12-19 - 2025-01-29,0.007848665705291129
2024-12-19 - 2025-01-31,0.0920907954467901
2024-12-19 - 2025-02-05,0.0019241407926760704
2024-12-19 - 2025-02-06,0.1253326962658775
2024-12-19 - 2025-02-07,0.11918477449743478
2024-12-19 - 2025-02-09,0.1076484780054054
2024-12-19 - 2025-02-10,0.008148337587040606
2024-12-19 - 2025-02-11,0.07932809202207959
2024-12-19 - 2025-02-12,0.07903984764311188
2024-12-19 - 2025-02-13,0.05184216023502466
2024-12-19 - 2025-02-17,0.002298403005902759
2024-12-19 - 2025-02-18,0.025409676219505968
2024-12-19 - 2025-02-21,0.10929397311571014
2024-12-19 - 2025-02-22,0.08023354817342222
2024-12-19 - 2025-02-28,0.015388767528684363
2024-12-19 - 2025-03-01,0.6395217613124775
2024-12-19 - 2025-03-02,0.10323277199827137
2024-12-19 - 2025-03-03,0.06090238477573758
2024-12-19 - 2025-03-04,0.04731298267691838
2024-12-19 - 2025-03-07,0.593497360772366
2024-12-19 - 2025-03-10,0.03439320879884179
2024-12-19 - 2025-03-11,0.013936761406677545
2024-12-19 - 2025-03-13,0.024295258978178143
2024-12-19 - 2025-03-14,0.021629155607287825
2024-12-19 - 2025-03-16,0.11217645308002226
2024-12-19 - 2025-03-17,0.019891969887160237
2024-12-19 - 2025-03-18,0.033286112183038695
2024-12-19 - 2025-06-03,0.012215550251009805
2024-12-19 - 2025-06-04,0.1156283145832546
2024-12-19 - 2025-06-05,0.0341397861146662
2024-12-19 - 2025-06-06,0.1274732422920717
2024-12-19 - 2025-06-10,0.012261194999170699
2024-12-21 - 2024-12-22,0.10938399697001817
2024-12-21 - 2024-12-23,0.0650636350102121
2024-12-21 - 2024-12-25,0.037135167787962414
2024-12-21 - 2024-12-26,0.01876669080008184
2024-12-21 - 2024-12-27,0.25547244834239663
2024-12-21 - 2024-12-28,0.02606329692240017
2024-12-21 - 2024-12-30,0.07260217730691698
2024-12-21 - 2025-01-01,3.929970304783724
2024-12-21 - 2025-01-02,0.0752869990910375
2024-12-21 - 2025-01-03,0.1542183362133828
2024-12-21 - 2025-01-04,0.017980429907563197
2024-12-21 - 2025-01-06,0.027646026649325993
2024-12-21 - 2025-01-07,0.10262897893118851
2024-12-21 - 2025-01-10,0.08189656746031106
2024-12-21 - 2025-01-11,0.015059687315637567
2024-12-21 - 2025-01-14,0.08117568121099088
2024-12-21 - 2025-01-20,0.016059559179626207
2024-12-21 - 2025-01-22,0.024754672402535358
2024-12-21 - 2025-01-23,0.013413782711777152
2024-12-21 - 2025-01-24,0.02972256990994742
2024-12-21 - 2025-01-29,0.07292945688652729
2024-12-21 - 2025-01-31,0.027050800029270405
2024-12-21 - 2025-02-05,0.06441053908404587
2024-12-21 - 2025-02-06,0.060292700848357805
2024-12-21 - 2025-02-07,0.0541447790799151
2024-12-21 - 2025-02-09,0.04260848258788572
2024-12-21 - 2025-02-10,0.07322912876827675
2024-12-21 - 2025-02-11,0.014288096604559894
2024-12-21 - 2025-02-12,0.0139998522255922
2024-12-21 - 2025-02-13,0.014478659169772954
2024-12-21 - 2025-02-17,0.0640359214364092
2024-12-21 - 2025-02-18,0.09049046740074213
2024-12-21 - 2025-02-21,0.04425397769819046
2024-12-21 - 2025-02-22,0.015193552755902541
2024-12-21 - 2025-02-28,0.08046955870992052
2024-12-21 - 2025-03-01,0.7046025524937137
2024-12-21 - 2025-03-02,0.03819277658075169
2024-12-21 - 2025-03-03,0.12598317595697375
2024-12-21 - 2025-03-04,0.11239377385815452
2024-12-21 - 2025-03-07,0.5284165695911298
2024-12-21 - 2025-03-10,0.09947399998007794
2024-12-21 - 2025-03-11,0.052332080451906876
2024-12-21 - 2025-03-13,0.0893760501594143
2024-12-21 - 2025-03-14,0.04466749591384228
2024-12-21 - 2025-03-16,0.04713645766250256
2024-12-21 - 2025-03-17,0.08497276106839638
2024-12-21 - 2025-03-18,0.03296869083158328
2024-12-21 - 2025-06-03,0.07729634143224595
2024-12-21 - 2025-06-04,0.05058831916573489
2024-12-21 - 2025-06-05,0.03102307069912665
2024-12-21 - 2025-06-06,0.06243324687455202
2024-12-21 - 2025-06-10,0.05407641284755863
2024-12-22 - 2024-12-23,0.04524271152858677
2024-12-22 - 2024-12-25,0.14619196326936382
2024-12-22 - 2024-12-26,0.09143428607028739
2024-12-22 - 2024-12-27,0.14608845137237841
2024-12-22 - 2024-12-28,0.08370444967261914
2024-12-22 - 2024-12-30,0.03773209881451184
2024-12-22 - 2025-01-01,3.820913509302323
2024-12-22 - 2025-01-02,0.03498060468508076
2024-12-22 - 2025-01-03,0.04483433924336462
2024-12-22 - 2025-01-04,0.09233408837098549
2024-12-22 - 2025-01-06,0.1367028221307274
2024-12-22 - 2025-01-07,0.007684827816929046
2024-12-22 - 2025-01-10,0.028372812855177804
2024-12-22 - 2025-01-11,0.12411648279703896
2024-12-22 - 2025-01-14,0.029134571197393915
2024-12-22 - 2025-01-20,0.09429156538006407
2024-12-22 - 2025-01-22,0.08558294706614397
2024-12-22 - 2025-01-23,0.12247057819317854
2024-12-22 - 2025-01-24,0.13877936539134883
2024-12-22 - 2025-01-29,0.0374170473495423
2024-12-22 - 2025-01-31,0.1361075955106718
2024-12-22 - 2025-02-05,0.04594094085655778
2024-12-22 - 2025-02-06,0.16934949632975924
2024-12-22 - 2025-02-07,0.1632015745613165
2024-12-22 - 2025-02-09,0.15166527806928715
2024-12-22 - 2025-02-10,0.03711773097753477
2024-12-22 - 2025-02-11,0.1233448920859613
2024-12-22 - 2025-02-12,0.1230566477069936
2024-12-22 - 2025-02-13,0.09585896029890636
2024-12-22 - 2025-02-17,0.04631520306978447
2024-12-22 - 2025-02-18,0.019856036888278184
2024-12-22 - 2025-02-21,0.15331077317959188
2024-12-22 - 2025-02-22,0.12425034823730395
2024-12-22 - 2025-02-28,0.02988156587668184
2024-12-22 - 2025-03-01,0.5952185555236956
2024-12-22 - 2025-03-02,0.14724957206215308
2024-12-22 - 2025-03-03,0.016599178986955575
2024-12-22 - 2025-03-04,0.0030097768881363635
2024-12-22 - 2025-03-07,0.637800566561148
2024-12-22 - 2025-03-10,0.01077352452528432
2024-12-22 - 2025-03-11,0.05795356147055925
2024-12-22 - 2025-03-13,0.02089963913666284
2024-12-22 - 2025-03-14,0.06564595567116954
2024-12-22 - 2025-03-16,0.15619325314390395
2024-12-22 - 2025-03-17,0.025373832019474882
2024-12-22 - 2025-03-18,0.07730291224692042
2024-12-22 - 2025-06-03,0.03304145702074166
2024-12-22 - 2025-06-04,0.15964511464713627
2024-12-22 - 2025-06-05,0.07836092627089151
2024-12-22 - 2025-06-06,0.17149004235595344
2024-12-22 - 2025-06-10,0.056277995063052415
2024-12-23 - 2024-12-25,0.10105167996728413
2024-12-23 - 2024-12-26,0.046296944210130274
2024-12-23 - 2024-12-27,0.1905539373041271
2024-12-23 - 2024-12-28,0.03900033808781194
2024-12-23 - 2024-12-30,0.00753854229670487
2024-12-23 - 2025-01-01,3.8661562208309097
2024-12-23 - 2025-01-02,0.010262106843506012
2024-12-23 - 2025-01-03,0.08918278129601862
2024-12-23 - 2025-01-04,0.04709137684239871
2024-12-23 - 2025-01-06,0.09146011060214061
2024-12-23 - 2025-01-07,0.0375653439209764
2024-12-23 - 2025-01-10,0.01686989867340897
2024-12-23 - 2025-01-11,0.07887377126845219
2024-12-23 - 2025-01-14,0.016112046200778763
2024-12-23 - 2025-01-20,0.0490488538514773
2024-12-23 - 2025-01-22,0.040340235537557195
2024-12-23 - 2025-01-23,0.07722786666459176
2024-12-23 - 2025-01-24,0.09353665386276204
2024-12-23 - 2025-01-29,0.007865821876315165
2024-12-23 - 2025-01-31,0.09086488398208503
2024-12-23 - 2025-02-05,0.0006982293279710113
2024-12-23 - 2025-02-06,0.12410678480117245
2024-12-23 - 2025-02-07,0.11795886303272972
2024-12-23 - 2025-02-09,0.10642256654070034
2024-12-23 - 2025-02-10,0.008165493758064643
2024-12-23 - 2025-02-11,0.07810218055737453
2024-12-23 - 2025-02-12,0.07781393617840682
2024-12-23 - 2025-02-13,0.050616248770319595
2024-12-23 - 2025-02-17,0.0010724915411976998
2024-12-23 - 2025-02-18,0.025426832390530004
2024-12-23 - 2025-02-21,0.10806806165100508
2024-12-23 - 2025-02-22,0.07900763670871717
2024-12-23 - 2025-02-28,0.015405923699708397
2024-12-23 - 2025-03-01,0.6399305798817296
2024-12-23 - 2025-03-02,0.10200686053356632
2024-12-23 - 2025-03-03,0.06091954094676162
2024-12-23 - 2025-03-04,0.04733013884794241
2024-12-23 - 2025-03-07,0.593480204601342
2024-12-23 - 2025-03-10,0.03446918700330245
2024-12-23 - 2025-03-11,0.012731554558305238
2024-12-23 - 2025-03-13,0.024343072391923935
2024-12-23 - 2025-03-14,0.02040324414258277
2024-12-23 - 2025-03-16,0.11095054161531719
2024-12-23 - 2025-03-17,0.019909126058184273
2024-12-23 - 2025-03-18,0.032094944178628834
2024-12-23 - 2025-06-03,0.012232706422033841
2024-12-23 - 2025-06-04,0.11440240311854953
2024-12-23 - 2025-06-05,0.03404056431108547
2024-12-23 - 2025-06-06,0.12624733082736664
2024-12-23 - 2025-06-10,0.011035283534465638
2024-12-25 - 2024-12-26,0.054757677199076406
2024-12-25 - 2024-12-27,0.29150318904490413
2024-12-25 - 2024-12-28,0.062487513596744655
2024-12-25 - 2024-12-30,0.108590222263989
2024-12-25 - 2025-01-01,3.9671054725716868
2024-12-25 - 2025-01-02,0.1112750440481095
2024-12-25 - 2025-01-03,0.1902063811704548
2024-12-25 - 2025-01-04,0.05396847486463523
2024-12-25 - 2025-01-06,0.009618222104598891
2024-12-25 - 2025-01-07,0.13861702388826058
2024-12-25 - 2025-01-10,0.11788461241738307
2024-12-25 - 2025-01-11,0.022181815885089547
2024-12-25 - 2025-01-14,0.11716372616806289
2024-12-25 - 2025-01-20,0.05204760413669823
2024-12-25 - 2025-01-22,0.06074271735960737
2024-12-25 - 2025-01-23,0.02386859129710839
2024-12-25 - 2025-01-24,0.007560159506326861
2024-12-25 - 2025-01-29,0.10891750184359929
2024-12-25 - 2025-01-31,0.010231574033002571
2024-12-25 - 2025-02-05,0.1003985840411179
2024-12-25 - 2025-02-06,0.023157533060395398
2024-12-25 - 2025-02-07,0.017009611291952685
2024-12-25 - 2025-02-09,0.005473314799923308
2024-12-25 - 2025-02-10,0.1092171737253488
2024-12-25 - 2025-02-11,0.022985037050496773
2024-12-25 - 2025-02-12,0.023282521756272097
2024-12-25 - 2025-02-13,0.05046670412684498
2024-12-25 - 2025-02-17,0.10002396639348123
2024-12-25 - 2025-02-18,0.12647851235781413
2024-12-25 - 2025-02-21,0.007118809910228038
2024-12-25 - 2025-02-22,0.022061454876953802
2024-12-25 - 2025-02-28,0.11645760366699252
2024-12-25 - 2025-03-01,0.7408798316225066
2024-12-25 - 2025-03-02,0.0010576087927892752
2024-12-25 - 2025-03-03,0.16197122091404575
2024-12-25 - 2025-03-04,0.14838181881522655
2024-12-25 - 2025-03-07,0.49242852463405784
2024-12-25 - 2025-03-10,0.13546204493714997
2024-12-25 - 2025-03-11,0.08832012540897892
2024-12-25 - 2025-03-13,0.1253640951164863
2024-12-25 - 2025-03-14,0.0806555408709143
2024-12-25 - 2025-03-16,0.010001289874540145
2024-12-25 - 2025-03-17,0.12096080602546841
2024-12-25 - 2025-03-18,0.0689567357886553
2024-12-25 - 2025-06-03,0.11328438638931798
2024-12-25 - 2025-06-04,0.013453151377772483
2024-12-25 - 2025-06-05,0.0680353770908159
2024-12-25 - 2025-06-06,0.025298079086589608
2024-12-25 - 2025-06-10,0.09006445780463065
2024-12-26 - 2024-12-27,0.23674551184582776
2024-12-26 - 2024-12-28,0.007729836397668253
2024-12-26 - 2024-12-30,0.053835486506835145
2024-12-26 - 2025-01-01,3.9123477953726105
2024-12-26 - 2025-01-02,0.056520308290955654
2024-12-26 - 2025-01-03,0.13545164541330096
2024-12-26 - 2025-01-04,0.0008998023006980787
2024-12-26 - 2025-01-06,0.045268536060439984
2024-12-26 - 2025-01-07,0.08386228813110667
2024-12-26 - 2025-01-10,0.0631298766602292
2024-12-26 - 2025-01-11,0.032682196726751565
2024-12-26 - 2025-01-14,0.062408990410909033
2024-12-26 - 2025-01-20,0.0028572793097766686
2024-12-26 - 2025-01-22,0.005987981602453515
2024-12-26 - 2025-01-23,0.03103629212289115
2024-12-26 - 2025-01-24,0.04734507932106142
2024-12-26 - 2025-01-29,0.054162766086445435
2024-12-26 - 2025-01-31,0.0446733094403844
2024-12-26 - 2025-02-05,0.045643848283964034
2024-12-26 - 2025-02-06,0.07791521025947182
2024-12-26 - 2025-02-07,0.0717672884910291
2024-12-26 - 2025-02-09,0.060230991998999714
2024-12-26 - 2025-02-10,0.054462437968194916
2024-12-26 - 2025-02-11,0.031910606015673894
2024-12-26 - 2025-02-12,0.031622361636706196
2024-12-26 - 2025-02-13,0.004424674228618961
2024-12-26 - 2025-02-17,0.04526923063632736
2024-12-26 - 2025-02-18,0.07172377660066027
2024-12-26 - 2025-02-21,0.06187648710930445
2024-12-26 - 2025-02-22,0.03281606216701653
2024-12-26 - 2025-02-28,0.06170286790983867
2024-12-26 - 2025-03-01,0.6861221544234303
2024-12-26 - 2025-03-02,0.055815285991865686
2024-12-26 - 2025-03-03,0.10721648515689189
2024-12-26 - 2025-03-04,0.0936270830580727
2024-12-26 - 2025-03-07,0.5471832603912117
2024-12-26 - 2025-03-10,0.0807073091799961
2024-12-26 - 2025-03-11,0.03356538965182504
2024-12-26 - 2025-03-13,0.07060935935933246
2024-12-26 - 2025-03-14,0.02590080511376044
2024-12-26 - 2025-03-16,0.06475896707361656
2024-12-26 - 2025-03-17,0.06620607026831453
2024-12-26 - 2025-03-18,0.014202000031501438
2024-12-26 - 2025-06-03,0.058529650632164115
2024-12-26 - 2025-06-04,0.06821082857684888
2024-12-26 - 2025-06-05,0.013277699891739495
2024-12-26 - 2025-06-06,0.08005575628566601
2024-12-26 - 2025-06-10,0.03530972204747679
2024-12-27 - 2024-12-28,0.22940915141999643
2024-12-27 - 2024-12-30,0.18304332459005218
2024-12-27 - 2025-01-01,3.675602283526782
2024-12-27 - 2025-01-02,0.18029183046062108
2024-12-27 - 2025-01-03,0.10137115600810849
2024-12-27 - 2025-01-04,0.23764531414652582
2024-12-27 - 2025-01-06,0.2820140479062677
2024-12-27 - 2025-01-07,0.15299605359246937
2024-12-27 - 2025-01-10,0.17368403863071813
2024-12-27 - 2025-01-11,0.26942770857257925
2024-12-27 - 2025-01-14,0.17444579697293425
2024-12-27 - 2025-01-20,0.23960279115560443
2024-12-27 - 2025-01-22,0.23089417284168431
2024-12-27 - 2025-01-23,0.26778180396871887
2024-12-27 - 2025-01-24,0.2840905911668891
2024-12-27 - 2025-01-29,0.18272827312508264
2024-12-27 - 2025-01-31,0.28141882128621215
2024-12-27 - 2025-02-05,0.19125216663209813
2024-12-27 - 2025-02-06,0.3146607221052996
2024-12-27 - 2025-02-07,0.3085128003368568
2024-12-27 - 2025-02-09,0.2969765038448275
2024-12-27 - 2025-02-10,0.18242895675307508
2024-12-27 - 2025-02-11,0.26865611786150156
2024-12-27 - 2025-02-12,0.26836787348253394
2024-12-27 - 2025-02-13,0.2411701860744467
2024-12-27 - 2025-02-17,0.19162642884532483
2024-12-27 - 2025-02-18,0.16516726266381854
2024-12-27 - 2025-02-21,0.29862199895513214
2024-12-27 - 2025-02-22,0.26956157401284425
2024-12-27 - 2025-02-28,0.17519279165222218
2024-12-27 - 2025-03-01,0.44937664257760246
2024-12-27 - 2025-03-02,0.2925607978376934
2024-12-27 - 2025-03-03,0.129661048833159
2024-12-27 - 2025-03-04,0.14325507128125547
2024-12-27 - 2025-03-07,0.7838890179335265
2024-12-27 - 2025-03-10,0.15608475030082464
2024-12-27 - 2025-03-11,0.20326478724609956
2024-12-27 - 2025-03-13,0.16621086491220316
2024-12-27 - 2025-03-14,0.21095718144670986
2024-12-27 - 2025-03-16,0.3015044789194443
2024-12-27 - 2025-03-17,0.17068505779501522
2024-12-27 - 2025-03-18,0.22261413802246074
2024-12-27 - 2025-06-03,0.178352682796282
2024-12-27 - 2025-06-04,0.3049563404226766
2024-12-27 - 2025-06-05,0.22444937764326992
2024-12-27 - 2025-06-06,0.31680126813149373
2024-12-27 - 2025-06-10,0.20158922083859274
2024-12-28 - 2024-12-30,0.04653888038451681
2024-12-28 - 2025-01-01,3.904617958974942
2024-12-28 - 2025-01-02,0.049223702168637334
2024-12-28 - 2025-01-03,0.12815503929098263
2024-12-28 - 2025-01-04,0.008629638698366332
2024-12-28 - 2025-01-06,0.05299837245810824
2024-12-28 - 2025-01-07,0.07656568200878834
2024-12-28 - 2025-01-10,0.055833270537910894
2024-12-28 - 2025-01-11,0.04041203312441982
2024-12-28 - 2025-01-14,0.05511238428859071
2024-12-28 - 2025-01-20,0.010587115707444921
2024-12-28 - 2025-01-22,0.001878497393524814
2024-12-28 - 2025-01-23,0.03876612852055939
2024-12-28 - 2025-01-24,0.05507491571872967
2024-12-28 - 2025-01-29,0.04686615996412711
2024-12-28 - 2025-01-31,0.05240314583805265
2024-12-28 - 2025-02-05,0.0383472421616457
2024-12-28 - 2025-02-06,0.08564504665714007
2024-12-28 - 2025-02-07,0.07949712488869735
2024-12-28 - 2025-02-09,0.06796082839666796
2024-12-28 - 2025-02-10,0.04716583184587659
2024-12-28 - 2025-02-11,0.03964044241334214
2024-12-28 - 2025-02-12,0.039352198034374446
2024-12-28 - 2025-02-13,0.012154510626287215
2024-12-28 - 2025-02-17,0.037972624514009026
2024-12-28 - 2025-02-18,0.06442717047834194
2024-12-28 - 2025-02-21,0.0696063235069727
2024-12-28 - 2025-02-22,0.04054589856468479
2024-12-28 - 2025-02-28,0.054406261787520345
2024-12-28 - 2025-03-01,0.6785392555713136
2024-12-28 - 2025-03-02,0.06354512238953394
2024-12-28 - 2025-03-03,0.09991987903457356
2024-12-28 - 2025-03-04,0.08633047693575437
2024-12-28 - 2025-03-07,0.55447986651353
2024-12-28 - 2025-03-10,0.07341070305767779
2024-12-28 - 2025-03-11,0.026268783529506706
2024-12-28 - 2025-03-13,0.06331275323701413
2024-12-28 - 2025-03-14,0.018604198991442115
2024-12-28 - 2025-03-16,0.07248880347128481
2024-12-28 - 2025-03-17,0.05890946414599621
2024-12-28 - 2025-03-18,0.006905393909183108
2024-12-28 - 2025-06-03,0.05123304450984579
2024-12-28 - 2025-06-04,0.07594066497451712
2024-12-28 - 2025-06-05,0.005547863494071242
2024-12-28 - 2025-06-06,0.08778559268333427
2024-12-28 - 2025-06-10,0.028013115925158462
2024-12-30 - 2025-01-01,3.8586456081168348
2024-12-30 - 2025-01-02,0.0027514941294310797
2024-12-30 - 2025-01-03,0.08167216858194369
2024-12-30 - 2025-01-04,0.05462174739935379
2024-12-30 - 2025-01-06,0.0989720001593901
2024-12-30 - 2025-01-07,0.03004727099758279
2024-12-30 - 2025-01-10,0.009359285959334034
2024-12-30 - 2025-01-11,0.08640840637889946
2024-12-30 - 2025-01-14,0.008597527617117923
2024-12-30 - 2025-01-20,0.05655946656555223
2024-12-30 - 2025-01-22,0.047850848251632126
2024-12-30 - 2025-01-23,0.08473847937866671
2024-12-30 - 2025-01-24,0.10104726657683698
2024-12-30 - 2025-01-29,0.00032727957961029366
2024-12-30 - 2025-01-31,0.09837549669615998
2024-12-30 - 2025-02-05,0.008208842042045942
2024-12-30 - 2025-02-06,0.13161739751524737
2024-12-30 - 2025-02-07,0.12546947574680464
2024-12-30 - 2025-02-09,0.1139331792547753
2024-12-30 - 2025-02-10,0.000626951461359772
2024-12-30 - 2025-02-11,0.08561279327144945
2024-12-30 - 2025-02-12,0.08532454889248176
2024-12-30 - 2025-02-13,0.058126861484394526
2024-12-30 - 2025-02-17,0.00858310425527263
2024-12-30 - 2025-02-18,0.017888290093825133
2024-12-30 - 2025-02-21,0.11558421646921217
2024-12-30 - 2025-02-22,0.08652876738703522
2024-12-30 - 2025-02-28,0.007867381403003528
2024-12-30 - 2025-03-01,0.6324199671676547
2024-12-30 - 2025-03-02,0.10951747324764124
2024-12-30 - 2025-03-03,0.05338227575689319
2024-12-30 - 2025-03-04,0.03979159655123754
2024-12-30 - 2025-03-07,0.6010187468980469
2024-12-30 - 2025-03-10,0.02695857428922752
2024-12-30 - 2025-03-11,0.02027009685501011
2024-12-30 - 2025-03-13,0.016832459677849004
2024-12-30 - 2025-03-14,0.027934681393074704
2024-12-30 - 2025-03-16,0.11846115432939212
2024-12-30 - 2025-03-17,0.0123705837614794
2024-12-30 - 2025-03-18,0.039633486475333705
2024-12-30 - 2025-06-03,0.00469416412532897
2024-12-30 - 2025-06-04,0.12191301583262446
2024-12-30 - 2025-06-05,0.041579106607790337
2024-12-30 - 2025-06-06,0.13375794354144158
2024-12-30 - 2025-06-10,0.01854589624854057
2025-01-01 - 2025-01-02,3.8558941139874037
2025-01-01 - 2025-01-03,3.776973439534891
2025-01-01 - 2025-01-04,3.9132475976733083
2025-01-01 - 2025-01-06,3.9576163314330497
2025-01-01 - 2025-01-07,3.828598337119252
2025-01-01 - 2025-01-10,3.8492863221575004
2025-01-01 - 2025-01-11,3.945029992099362
2025-01-01 - 2025-01-14,3.8500480804997164
2025-01-01 - 2025-01-20,3.9152050746823868
2025-01-01 - 2025-01-22,3.906496456368467
2025-01-01 - 2025-01-23,3.9433840874955015
2025-01-01 - 2025-01-24,3.9596928746936717
2025-01-01 - 2025-01-29,3.858330556651865
2025-01-01 - 2025-01-31,3.9570211048129944
2025-01-01 - 2025-02-05,3.866854450158881
2025-01-01 - 2025-02-06,3.990263005632082
2025-01-01 - 2025-02-07,3.984115083863639
2025-01-01 - 2025-02-09,3.97257878737161
2025-01-01 - 2025-02-10,3.8580312402798578
2025-01-01 - 2025-02-11,3.944258401388284
2025-01-01 - 2025-02-12,3.9439701570093164
2025-01-01 - 2025-02-13,3.9167724696012294
2025-01-01 - 2025-02-17,3.867228712372107
2025-01-01 - 2025-02-18,3.840769546190601
2025-01-01 - 2025-02-21,3.9742242824819147
2025-01-01 - 2025-02-22,3.945163857539627
2025-01-01 - 2025-02-28,3.8507950751790045
2025-01-01 - 2025-03-01,3.22622564094918
2025-01-01 - 2025-03-02,3.9681630813644757
2025-01-01 - 2025-03-03,3.8052633323599414
2025-01-01 - 2025-03-04,3.8188573548080376
2025-01-01 - 2025-03-07,3.540315513195935
2025-01-01 - 2025-03-10,3.831687033827607
2025-01-01 - 2025-03-11,3.8788670707728823
2025-01-01 - 2025-03-13,3.8418131484389857
2025-01-01 - 2025-03-14,3.8865594649734927
2025-01-01 - 2025-03-16,3.9771067624462266
2025-01-01 - 2025-03-17,3.8462873413217977
2025-01-01 - 2025-03-18,3.898216421549243
2025-01-01 - 2025-06-03,3.853954966323065
2025-01-01 - 2025-06-04,3.980558623949459
2025-01-01 - 2025-06-05,3.899070095480871
2025-01-01 - 2025-06-06,3.9924035516582768
2025-01-01 - 2025-06-10,3.877191504365375
2025-01-02 - 2025-01-03,0.07893133712234529
2025-01-02 - 2025-01-04,0.057353483685904726
2025-01-02 - 2025-01-06,0.10172221744564662
2025-01-02 - 2025-01-07,0.027341979840151017
2025-01-02 - 2025-01-10,0.006609568369273565
2025-01-02 - 2025-01-11,0.08913587811195821
2025-01-02 - 2025-01-14,0.005888682119953378
2025-01-02 - 2025-01-20,0.05931096069498332
2025-01-02 - 2025-01-22,0.05060234238106321
2025-01-02 - 2025-01-23,0.08748997350809778
2025-01-02 - 2025-01-24,0.10379876070626805
2025-01-02 - 2025-01-29,0.002436442664461538
2025-01-02 - 2025-01-31,0.10112699082559105
2025-01-02 - 2025-02-05,0.010960336171477023
2025-01-02 - 2025-02-06,0.13436889164467844
2025-01-02 - 2025-02-07,0.12822096987623574
2025-01-02 - 2025-02-09,0.11668467338420636
2025-01-02 - 2025-02-10,0.002137126292454006
2025-01-02 - 2025-02-11,0.08836428740088054
2025-01-02 - 2025-02-12,0.08807604302191284
2025-01-02 - 2025-02-13,0.06087835561382561
2025-01-02 - 2025-02-17,0.011334598384703711
2025-01-02 - 2025-02-18,0.015203468309704619
2025-01-02 - 2025-02-21,0.1183301684945111
2025-01-02 - 2025-02-22,0.08926974355222318
2025-01-02 - 2025-02-28,0.005182559618883015
2025-01-02 - 2025-03-01,0.6296684730382236
2025-01-02 - 2025-03-02,0.11226896737707232
2025-01-02 - 2025-03-03,0.050696176865936235
2025-01-02 - 2025-03-04,0.03710677476711703
2025-01-02 - 2025-03-07,0.6037035686821675
2025-01-02 - 2025-03-10,0.02420708015979644
2025-01-02 - 2025-03-11,0.022972956785478497
2025-01-02 - 2025-03-13,0.014089051068376796
2025-01-02 - 2025-03-14,0.030665350986088778
2025-01-02 - 2025-03-16,0.1212126484588232
2025-01-02 - 2025-03-17,0.009685761977358888
2025-01-02 - 2025-03-18,0.04232230756183965
2025-01-02 - 2025-06-03,0.0020093423412084572
2025-01-02 - 2025-06-04,0.12466450996205554
2025-01-02 - 2025-06-05,0.04426392839191085
2025-01-02 - 2025-06-06,0.13650943767087265
2025-01-02 - 2025-06-10,0.02129739037797165
2025-01-03 - 2025-01-04,0.13627415813841734
2025-01-03 - 2025-01-06,0.1806428918981592
2025-01-03 - 2025-01-07,0.05162489758436089
2025-01-03 - 2025-01-10,0.07232176875307172
2025-01-03 - 2025-01-11,0.1680565525644708
2025-01-03 - 2025-01-14,0.07307464096482576
2025-01-03 - 2025-01-20,0.1382316351474959
2025-01-03 - 2025-01-22,0.12952301683357584
2025-01-03 - 2025-01-23,0.1664106479606104
2025-01-03 - 2025-01-24,0.18271943515878067
2025-01-03 - 2025-01-29,0.08135711711697415
2025-01-03 - 2025-01-31,0.18004766527810365
2025-01-03 - 2025-02-05,0.08988101062398964
2025-01-03 - 2025-02-06,0.21328956609719107
2025-01-03 - 2025-02-07,0.20714164432874835
2025-01-03 - 2025-02-09,0.19560534783671896
2025-01-03 - 2025-02-10,0.08105780074496662
2025-01-03 - 2025-02-11,0.16728496185339312
2025-01-03 - 2025-02-12,0.16699671747442543
2025-01-03 - 2025-02-13,0.13979903006633823
2025-01-03 - 2025-02-17,0.09025527283721631
2025-01-03 - 2025-02-18,0.06379610665571003
2025-01-03 - 2025-02-21,0.19725084294702372
2025-01-03 - 2025-02-22,0.1681904180047358
2025-01-03 - 2025-02-28,0.07382163564411368
2025-01-03 - 2025-03-01,0.550747798585711
2025-01-03 - 2025-03-02,0.19118964182958492
2025-01-03 - 2025-03-03,0.0282898928250505
2025-01-03 - 2025-03-04,0.04188391527314695
2025-01-03 - 2025-03-07,0.6826349058045127
2025-01-03 - 2025-03-10,0.054744336233304845
2025-01-03 - 2025-03-11,0.10189363123799111
2025-01-03 - 2025-03-13,0.0648422860539685
2025-01-03 - 2025-03-14,0.10958602543860138
2025-01-03 - 2025-03-16,0.2001333229113358
2025-01-03 - 2025-03-17,0.06931390178690673
2025-01-03 - 2025-03-18,0.12124964538179951
2025-01-03 - 2025-06-03,0.07698152678817351
2025-01-03 - 2025-06-04,0.2035851844145681
2025-01-03 - 2025-06-05,0.12319526551425615
2025-01-03 - 2025-06-06,0.21543011212338528
2025-01-03 - 2025-06-10,0.10021806483048426
2025-01-04 - 2025-01-06,0.04436873375974191
2025-01-04 - 2025-01-07,0.08464926055405644
2025-01-04 - 2025-01-10,0.06396127551580769
2025-01-04 - 2025-01-11,0.031786658979545676
2025-01-04 - 2025-01-14,0.06319951717359157
2025-01-04 - 2025-01-20,0.00195747700907859
2025-01-04 - 2025-01-22,0.006774242494972158
2025-01-04 - 2025-01-23,0.03013648982219307
2025-01-04 - 2025-01-24,0.046445277020363336
2025-01-04 - 2025-01-29,0.05494902697896408
2025-01-04 - 2025-01-31,0.04377350713968633
2025-01-04 - 2025-02-05,0.04643010917648268
2025-01-04 - 2025-02-06,0.07701540795877375
2025-01-04 - 2025-02-07,0.07086748619033102
2025-01-04 - 2025-02-09,0.05933118969830164
2025-01-04 - 2025-02-10,0.05524869886071356
2025-01-04 - 2025-02-11,0.031010803714975808
2025-01-04 - 2025-02-12,0.030722559336008117
2025-01-04 - 2025-02-13,0.0035248719279208822
2025-01-04 - 2025-02-17,0.046055491528846006
2025-01-04 - 2025-02-18,0.07251003749317891
2025-01-04 - 2025-02-21,0.06097668480860637
2025-01-04 - 2025-02-22,0.03191625986631846
2025-01-04 - 2025-02-28,0.06248912880235732
2025-01-04 - 2025-03-01,0.6870219567241284
2025-01-04 - 2025-03-02,0.0549154836911676
2025-01-04 - 2025-03-03,0.10800274604941054
2025-01-04 - 2025-03-04,0.09441334395059132
2025-01-04 - 2025-03-07,0.5463969994986931
2025-01-04 - 2025-03-10,0.08156056384570116
2025-01-04 - 2025-03-11,0.03438052690042623
2025-01-04 - 2025-03-13,0.07143444923432264
2025-01-04 - 2025-03-14,0.026688132699815945
2025-01-04 - 2025-03-16,0.06385916477291846
2025-01-04 - 2025-03-17,0.0669923311608332
2025-01-04 - 2025-03-18,0.015031176124065076
2025-01-04 - 2025-06-03,0.059315911524682755
2025-01-04 - 2025-06-04,0.0673110262761508
2025-01-04 - 2025-06-05,0.014177502192437574
2025-01-04 - 2025-06-06,0.07915595398496794
2025-01-04 - 2025-06-10,0.036095982939995434
2025-01-06 - 2025-01-07,0.12901799431379835
2025-01-06 - 2025-01-10,0.10833000927554957
2025-01-06 - 2025-01-11,0.012586339333688426
2025-01-06 - 2025-01-14,0.10756825093333347
2025-01-06 - 2025-01-20,0.04242938203209934
2025-01-06 - 2025-01-22,0.051124495255008486
2025-01-06 - 2025-01-23,0.014250369192509502
2025-01-06 - 2025-01-24,0.0020765432606214265
2025-01-06 - 2025-01-29,0.0992992797390004
2025-01-06 - 2025-01-31,0.0006133519284036805
2025-01-06 - 2025-02-05,0.090780361936519
2025-01-06 - 2025-02-06,0.03264667419903181
2025-01-06 - 2025-02-07,0.026498752430589103
2025-01-06 - 2025-02-09,0.014962455938559728
2025-01-06 - 2025-02-10,0.09959895162074989
2025-01-06 - 2025-02-11,0.013366814945897884
2025-01-06 - 2025-02-12,0.013664299651673208
2025-01-06 - 2025-02-13,0.04084848202224609
2025-01-06 - 2025-02-17,0.09040574428888234
2025-01-06 - 2025-02-18,0.11686029025321525
2025-01-06 - 2025-02-21,0.016612216309822035
2025-01-06 - 2025-02-22,0.012452473893423454
2025-01-06 - 2025-02-28,0.10683938156239364
2025-01-06 - 2025-03-01,0.7313906904838704
2025-01-06 - 2025-03-02,0.010546749931425695
2025-01-06 - 2025-03-03,0.15235299907310873
2025-01-06 - 2025-03-04,0.13876359671062766
2025-01-06 - 2025-03-07,0.5020467467386568
2025-01-06 - 2025-03-10,0.12592929760544308
2025-01-06 - 2025-03-11,0.07874926066016816
2025-01-06 - 2025-03-13,0.11580318299406456
2025-01-06 - 2025-03-14,0.07105686645955785
2025-01-06 - 2025-03-16,0.01949043101317656
2025-01-06 - 2025-03-17,0.1113425839208695
2025-01-06 - 2025-03-18,0.059399909883806994
2025-01-06 - 2025-06-03,0.1036661642847191
2025-01-06 - 2025-06-04,0.0229422925164089
2025-01-06 - 2025-06-05,0.05854623595217949
2025-01-06 - 2025-06-06,0.034787220225226026
2025-01-06 - 2025-06-10,0.08044623570003176
2025-01-07 - 2025-01-10,0.020732411470877454
2025-01-07 - 2025-01-11,0.11643520800317099
2025-01-07 - 2025-01-14,0.02145329772019764
2025-01-07 - 2025-01-20,0.08660673756313503
2025-01-07 - 2025-01-22,0.07789811924921493
2025-01-07 - 2025-01-23,0.1147857503762495
2025-01-07 - 2025-01-24,0.13109453757441977
2025-01-07 - 2025-01-29,0.02973221953261325
2025-01-07 - 2025-01-31,0.12842276769374278
2025-01-07 - 2025-02-05,0.03825611303962874
2025-01-07 - 2025-02-06,0.16166466851283015
2025-01-07 - 2025-02-07,0.15551674674438745
2025-01-07 - 2025-02-09,0.1439804502523581
2025-01-07 - 2025-02-10,0.02943290316060572
2025-01-07 - 2025-02-11,0.11566006426903225
2025-01-07 - 2025-02-12,0.11537181989006455
2025-01-07 - 2025-02-13,0.08817413248197732
2025-01-07 - 2025-02-17,0.038630375252855426
2025-01-07 - 2025-02-18,0.012171209071349139
2025-01-07 - 2025-02-21,0.1456259453626628
2025-01-07 - 2025-02-22,0.1165655204203749
2025-01-07 - 2025-02-28,0.022196738059752794
2025-01-07 - 2025-03-01,0.6023726961700718
2025-01-07 - 2025-03-02,0.13956474424522403
2025-01-07 - 2025-03-03,0.023354197025785218
2025-01-07 - 2025-03-04,0.00976479492696601
2025-01-07 - 2025-03-07,0.6310455485223184
2025-01-07 - 2025-03-10,0.0031549789511105737
2025-01-07 - 2025-03-11,0.05029689847928164
2025-01-07 - 2025-03-13,0.013252928771774223
2025-01-07 - 2025-03-14,0.05796148301734624
2025-01-07 - 2025-03-16,0.14850842532697492
2025-01-07 - 2025-03-17,0.01768900420254584
2025-01-07 - 2025-03-18,0.06966028809960524
2025-01-07 - 2025-06-03,0.02535662920381261
2025-01-07 - 2025-06-04,0.15196028683020726
2025-01-07 - 2025-06-05,0.07160590823206187
2025-01-07 - 2025-06-06,0.16380521453902436
2025-01-07 - 2025-06-10,0.048593167246123364
2025-01-10 - 2025-01-11,0.09574366994186115
2025-01-10 - 2025-01-14,0.0007617583422161109
2025-01-10 - 2025-01-20,0.06591875252488627
2025-01-10 - 2025-01-22,0.05721013421096616
2025-01-10 - 2025-01-23,0.09409776533800074
2025-01-10 - 2025-01-24,0.11040655253617102
2025-01-10 - 2025-01-29,0.009044234494364492
2025-01-10 - 2025-01-31,0.10773478265549401
2025-01-10 - 2025-02-05,0.01756812800137998
2025-01-10 - 2025-02-06,0.1409766834745814
2025-01-10 - 2025-02-07,0.1348287617061387
2025-01-10 - 2025-02-09,0.12329246521410932
2025-01-10 - 2025-02-10,0.00874491812235696
2025-01-10 - 2025-02-11,0.09497207923078349
2025-01-10 - 2025-02-12,0.09468383485181579
2025-01-10 - 2025-02-13,0.06748614744372856
2025-01-10 - 2025-02-17,0.017942390214606665
2025-01-10 - 2025-02-18,0.008593899940431055
2025-01-10 - 2025-02-21,0.12493796032441404
2025-01-10 - 2025-02-22,0.09587753538212614
2025-01-10 - 2025-02-28,0.001508753021504035
2025-01-10 - 2025-03-01,0.6230606812083206
2025-01-10 - 2025-03-02,0.11887675920697528
2025-01-10 - 2025-03-03,0.044086608496662676
2025-01-10 - 2025-03-04,0.030497206397843465
2025-01-10 - 2025-03-07,0.610313137051441
2025-01-10 - 2025-03-10,0.017599288329893485
2025-01-10 - 2025-03-11,0.02958074861538145
2025-01-10 - 2025-03-13,0.00747948269910323
2025-01-10 - 2025-03-14,0.037273142815991735
2025-01-10 - 2025-03-16,0.12782044028872613
2025-01-10 - 2025-03-17,0.003076193608085322
2025-01-10 - 2025-03-18,0.0489300993917426
2025-01-10 - 2025-06-03,0.004668644165563851
2025-01-10 - 2025-06-04,0.13127230179195848
2025-01-10 - 2025-06-05,0.05087349676118442
2025-01-10 - 2025-06-06,0.14311722950077563
2025-01-10 - 2025-06-10,0.027905182207874604
2025-01-11 - 2025-01-14,0.09498191159964504
2025-01-11 - 2025-01-20,0.029865788251608686
2025-01-11 - 2025-01-22,0.038560901474517836
2025-01-11 - 2025-01-23,0.0016867754120188456
2025-01-11 - 2025-01-24,0.014662882594309853
2025-01-11 - 2025-01-29,0.08673568595850975
2025-01-11 - 2025-01-31,0.01199111271363284
2025-01-11 - 2025-02-05,0.07821676815602836
2025-01-11 - 2025-02-06,0.045233013532720245
2025-01-11 - 2025-02-07,0.039085091764277526
2025-01-11 - 2025-02-09,0.027548795272248152
2025-01-11 - 2025-02-10,0.08703535784025924
2025-01-11 - 2025-02-11,0.000803221165407228
2025-01-11 - 2025-02-12,0.0011007058711825512
2025-01-11 - 2025-02-13,0.028284888241755433
2025-01-11 - 2025-02-17,0.07784215050839169
2025-01-11 - 2025-02-18,0.10429669647272459
2025-01-11 - 2025-02-21,0.029194290382552883
2025-01-11 - 2025-02-22,0.0001338654402649734
2025-01-11 - 2025-02-28,0.09427578778190299
2025-01-11 - 2025-03-01,0.7188043511501818
2025-01-11 - 2025-03-02,0.02313308926511412
2025-01-11 - 2025-03-03,0.1397894050289562
2025-01-11 - 2025-03-04,0.12620000293013703
2025-01-11 - 2025-03-07,0.5146103405191473
2025-01-11 - 2025-03-10,0.11334295827175465
2025-01-11 - 2025-03-11,0.06616292132647972
2025-01-11 - 2025-03-13,0.10321684366037615
2025-01-11 - 2025-03-14,0.05847372498582475
2025-01-11 - 2025-03-16,0.03207677034686499
2025-01-11 - 2025-03-17,0.09877899014037886
2025-01-11 - 2025-03-18,0.04681357055011856
2025-01-11 - 2025-06-03,0.09110257050422844
2025-01-11 - 2025-06-04,0.03552863185009733
2025-01-11 - 2025-06-05,0.04595989661849106
2025-01-11 - 2025-06-06,0.047373559558914445
2025-01-11 - 2025-06-10,0.06788264191954112
2025-01-14 - 2025-01-20,0.06515699418267015
2025-01-14 - 2025-01-22,0.05644837586875005
2025-01-14 - 2025-01-23,0.09333600699578462
2025-01-14 - 2025-01-24,0.1096447941939549
2025-01-14 - 2025-01-29,0.008282476152148381
2025-01-14 - 2025-01-31,0.10697302431327789
2025-01-14 - 2025-02-05,0.016806369659163867
2025-01-14 - 2025-02-06,0.1402149251323653
2025-01-14 - 2025-02-07,0.13406700336392258
2025-01-14 - 2025-02-09,0.1225307068718932
2025-01-14 - 2025-02-10,0.007983159780140851
2025-01-14 - 2025-02-11,0.09421032088856739
2025-01-14 - 2025-02-12,0.09392207650959968
2025-01-14 - 2025-02-13,0.06672438910151245
2025-01-14 - 2025-02-17,0.017180631872390554
2025-01-14 - 2025-02-18,0.009314786189751241
2025-01-14 - 2025-02-21,0.12417620198219793
2025-01-14 - 2025-02-22,0.09511577703991003
2025-01-14 - 2025-02-28,0.0007469946792879239
2025-01-14 - 2025-03-01,0.6238224395505367
2025-01-14 - 2025-03-02,0.11811500086475918
2025-01-14 - 2025-03-03,0.044807494745982855
2025-01-14 - 2025-03-04,0.03121809264716365
2025-01-14 - 2025-03-07,0.6095922508021208
2025-01-14 - 2025-03-10,0.018361046672109596
2025-01-14 - 2025-03-11,0.028843600759084
2025-01-14 - 2025-03-13,0.00823493206073108
2025-01-14 - 2025-03-14,0.036511384473775624
2025-01-14 - 2025-03-16,0.12705868194651004
2025-01-14 - 2025-03-17,0.0037970798574055087
2025-01-14 - 2025-03-18,0.0482069903794076
2025-01-14 - 2025-06-03,0.0039068858233477395
2025-01-14 - 2025-06-04,0.13051054344974236
2025-01-14 - 2025-06-05,0.05015261051186423
2025-01-14 - 2025-06-06,0.1423554711585595
2025-01-14 - 2025-06-10,0.027143423865658493
2025-01-20 - 2025-01-22,0.008708618313920108
2025-01-20 - 2025-01-23,0.028179012839589842
2025-01-20 - 2025-01-24,0.04448780001128475
2025-01-20 - 2025-01-29,0.05687451803052178
2025-01-20 - 2025-01-31,0.04181603013060773
2025-01-20 - 2025-02-05,0.048350979904419666
2025-01-20 - 2025-02-06,0.07507179165362007
2025-01-20 - 2025-02-07,0.06891889439462974
2025-01-20 - 2025-02-09,0.05737371271569841
2025-01-20 - 2025-02-10,0.05717383440252931
2025-01-20 - 2025-02-11,0.029062567086201457
2025-01-20 - 2025-02-12,0.028765082380426136
2025-01-20 - 2025-02-13,0.0015809000098532548
2025-01-20 - 2025-02-17,0.0479763623102796
2025-01-20 - 2025-02-18,0.07443552849178589
2025-01-20 - 2025-02-21,0.05904159834192138
2025-01-20 - 2025-02-22,0.029986149259744427
2025-01-20 - 2025-02-28,0.0644099995302943
2025-01-20 - 2025-03-01,0.6889794337332069
2025-01-20 - 2025-03-02,0.05296724722342897
2025-01-20 - 2025-03-03,0.10994174232244541
2025-01-20 - 2025-03-04,0.09634771987434898
2025-01-20 - 2025-03-07,0.544476128770756
2025-01-20 - 2025-03-10,0.08351804085477976
2025-01-20 - 2025-03-11,0.03633800390950482
2025-01-20 - 2025-03-13,0.07339192624340124
2025-01-20 - 2025-03-14,0.028645609708894532
2025-01-20 - 2025-03-16,0.0619065745887322
2025-01-20 - 2025-03-17,0.06891773336058918
2025-01-20 - 2025-03-18,0.016988653133143666
2025-01-20 - 2025-06-03,0.06125010835932242
2025-01-20 - 2025-06-04,0.06535585380880832
2025-01-20 - 2025-06-05,0.016134979201516166
2025-01-20 - 2025-06-06,0.07719847697588934
2025-01-20 - 2025-06-10,0.03801685366793242
2025-01-22 - 2025-01-23,0.03688763112703458
2025-01-22 - 2025-01-24,0.05319641832520486
2025-01-22 - 2025-01-29,0.04817478448399192
2025-01-22 - 2025-01-31,0.05052464844452784
2025-01-22 - 2025-02-05,0.03965586668151052
2025-01-22 - 2025-02-06,0.08376690487652923
2025-01-22 - 2025-02-07,0.07761862749517252
2025-01-22 - 2025-02-09,0.06608233100314316
2025-01-22 - 2025-02-10,0.0484744563657414
2025-01-22 - 2025-02-11,0.03776194501981733
2025-01-22 - 2025-02-12,0.037473700640849636
2025-01-22 - 2025-02-13,0.0102760132327624
2025-01-22 - 2025-02-17,0.039281249033873845
2025-01-22 - 2025-02-18,0.06573579499820677
2025-01-22 - 2025-02-21,0.06773671156483053
2025-01-22 - 2025-02-22,0.03868126248265357
2025-01-22 - 2025-02-28,0.05571488630738516
2025-01-22 - 2025-03-01,0.6802708154192868
2025-01-22 - 2025-03-02,0.061666624996009126
2025-01-22 - 2025-03-03,0.10123312400852533
2025-01-22 - 2025-03-04,0.08763910156042885
2025-01-22 - 2025-03-07,0.5531712419936652
2025-01-22 - 2025-03-10,0.07480942254085965
2025-01-22 - 2025-03-11,0.02762938559558471
2025-01-22 - 2025-03-13,0.06468330792948113
2025-01-22 - 2025-03-14,0.019936991394974426
2025-01-22 - 2025-03-16,0.07061030607775999
2025-01-22 - 2025-03-17,0.06021808866586103
2025-01-22 - 2025-03-18,0.008280034819223557
2025-01-22 - 2025-06-03,0.0525416690297106
2025-01-22 - 2025-06-04,0.07406216758099234
2025-01-22 - 2025-06-05,0.007426360887596056
2025-01-22 - 2025-06-06,0.08590709528980944
2025-01-22 - 2025-06-10,0.029321740445023278
2025-01-23 - 2025-01-24,0.01630878719817027
2025-01-23 - 2025-01-29,0.08505353084363625
2025-01-23 - 2025-01-31,0.013637017317493255
2025-01-23 - 2025-02-05,0.0765299927440095
2025-01-23 - 2025-02-06,0.04689277881403024
2025-01-23 - 2025-02-07,0.04073988155503989
2025-01-23 - 2025-02-09,0.02919469987610857
2025-01-23 - 2025-02-10,0.08535284721564379
2025-01-23 - 2025-02-11,0.0008835542466116178
2025-01-23 - 2025-02-12,0.0005860695408362945
2025-01-23 - 2025-02-13,0.026611617894272188
2025-01-23 - 2025-02-17,0.07615537512339408
2025-01-23 - 2025-02-18,0.10261454130490036
2025-01-23 - 2025-02-21,0.030862585502331535
2025-01-23 - 2025-02-22,0.001807136420154588
2025-01-23 - 2025-02-28,0.09258901236988414
2025-01-23 - 2025-03-01,0.7171584465463213
2025-01-23 - 2025-03-02,0.024788234383839126
2025-01-23 - 2025-03-03,0.1381207551355599
2025-01-23 - 2025-03-04,0.12452673268746345
2025-01-23 - 2025-03-07,0.5162971159311662
2025-01-23 - 2025-03-10,0.11169705366789424
2025-01-23 - 2025-03-11,0.06451701672261928
2025-01-23 - 2025-03-13,0.10157093905651572
2025-01-23 - 2025-03-14,0.05682462252200902
2025-01-23 - 2025-03-16,0.033727561749142355
2025-01-23 - 2025-03-17,0.09709674617370365
2025-01-23 - 2025-03-18,0.045167665946258144
2025-01-23 - 2025-06-03,0.0894291211724369
2025-01-23 - 2025-06-04,0.03717684096921848
2025-01-23 - 2025-06-05,0.04431399201463064
2025-01-23 - 2025-06-06,0.049019464162774876
2025-01-23 - 2025-06-10,0.06619586650752225
2025-01-24 - 2025-01-29,0.10136231804180651
2025-01-24 - 2025-01-31,0.002671769880677012
2025-01-24 - 2025-02-05,0.09283842453479103
2025-01-24 - 2025-02-06,0.030584347023248706
2025-01-24 - 2025-02-07,0.02443144976425836
2025-01-24 - 2025-02-09,0.012886268085327038
2025-01-24 - 2025-02-10,0.10166163441381405
2025-01-24 - 2025-02-11,0.015434473305387525
2025-01-24 - 2025-02-12,0.015722717684355222
2025-01-24 - 2025-02-13,0.04292040509244245
2025-01-24 - 2025-02-17,0.09246416232156433
2025-01-24 - 2025-02-18,0.11892332850307062
2025-01-24 - 2025-02-21,0.014554153711550008
2025-01-24 - 2025-02-22,0.01452901715404488
2025-01-24 - 2025-02-28,0.10889779951466697
2025-01-24 - 2025-03-01,0.7334672337444917
2025-01-24 - 2025-03-02,0.008479802593057596
2025-01-24 - 2025-03-03,0.15442954233373019
2025-01-24 - 2025-03-04,0.1408355198856337
2025-01-24 - 2025-03-07,0.4999886841403848
2025-01-24 - 2025-03-10,0.1280058408660645
2025-01-24 - 2025-03-11,0.08082580392078956
2025-01-24 - 2025-03-13,0.11787972625468597
2025-01-24 - 2025-03-14,0.07313340972017927
2025-01-24 - 2025-03-16,0.017419129958360823
2025-01-24 - 2025-03-17,0.11340553337187394
2025-01-24 - 2025-03-18,0.06147645314442841
2025-01-24 - 2025-06-03,0.10573790837060716
2025-01-24 - 2025-06-04,0.02086840917843695
2025-01-24 - 2025-06-05,0.060622779212800904
2025-01-24 - 2025-06-06,0.0327106769646046
2025-01-24 - 2025-06-10,0.0825042982983038
2025-01-29 - 2025-01-31,0.09869054816112952
2025-01-29 - 2025-02-05,0.008523893507015485
2025-01-29 - 2025-02-06,0.13194168936052114
2025-01-29 - 2025-02-07,0.12578879210153082
2025-01-29 - 2025-02-09,0.11424823071974483
2025-01-29 - 2025-02-10,0.0002996718817494784
2025-01-29 - 2025-02-11,0.08593246479310253
2025-01-29 - 2025-02-12,0.0856396003574513
2025-01-29 - 2025-02-13,0.05845079771675432
2025-01-29 - 2025-02-17,0.008898155720242173
2025-01-29 - 2025-02-18,0.01756101051421484
2025-01-29 - 2025-02-21,0.11591149604882245
2025-01-29 - 2025-02-22,0.0868560469666455
2025-01-29 - 2025-02-28,0.007540101823393234
2025-01-29 - 2025-03-01,0.6321049157026851
2025-01-29 - 2025-03-02,0.10983714493033005
2025-01-29 - 2025-03-03,0.05306722429192365
2025-01-29 - 2025-03-04,0.03947320184382719
2025-01-29 - 2025-03-07,0.6013460264776571
2025-01-29 - 2025-03-10,0.026643522824257977
2025-01-29 - 2025-03-11,0.020597376434620403
2025-01-29 - 2025-03-13,0.01651740821287946
2025-01-29 - 2025-03-14,0.028261960972684998
2025-01-29 - 2025-03-16,0.11877647229563326
2025-01-29 - 2025-03-17,0.012043304181869106
2025-01-29 - 2025-03-18,0.039960766054944
2025-01-29 - 2025-06-03,0.004375590328800642
2025-01-29 - 2025-06-04,0.122228067297594
2025-01-29 - 2025-06-05,0.041906386187400634
2025-01-29 - 2025-06-06,0.13407299500641112
2025-01-29 - 2025-06-10,0.01886094771351011
2025-01-31 - 2025-02-05,0.09016701000811532
2025-01-31 - 2025-02-06,0.03325576154992441
2025-01-31 - 2025-02-07,0.027102864290934073
2025-01-31 - 2025-02-09,0.015557682612002747
2025-01-31 - 2025-02-10,0.09898986453313705
2025-01-31 - 2025-02-11,0.012762703424710514
2025-01-31 - 2025-02-12,0.01305094780367821
2025-01-31 - 2025-02-13,0.04024863521176544
2025-01-31 - 2025-02-17,0.08979239244088734
2025-01-31 - 2025-02-18,0.11625155862239363
2025-01-31 - 2025-02-21,0.017225568238225717
2025-01-31 - 2025-02-22,0.011857247273367868
2025-01-31 - 2025-02-28,0.10622602963398997
2025-01-31 - 2025-03-01,0.7307954638638147
2025-01-31 - 2025-03-02,0.011151217119733308
2025-01-31 - 2025-03-03,0.15175777245305316
2025-01-31 - 2025-03-04,0.13816375000495668
2025-01-31 - 2025-03-07,0.5026600986670604
2025-01-31 - 2025-03-10,0.1253340709853875
2025-01-31 - 2025-03-11,0.07815403404011254
2025-01-31 - 2025-03-13,0.11520795637400898
2025-01-31 - 2025-03-14,0.07046163983950227
2025-01-31 - 2025-03-16,0.020090544485036534
2025-01-31 - 2025-03-17,0.11073376349119693
2025-01-31 - 2025-03-18,0.0588046832637514
2025-01-31 - 2025-06-03,0.10306613848993015
2025-01-31 - 2025-06-04,0.02353982370511266
2025-01-31 - 2025-06-05,0.057951009332123896
2025-01-31 - 2025-06-06,0.03538244684528162
2025-01-31 - 2025-06-10,0.07983288377162807
2025-02-05 - 2025-02-06,0.12342277155803974
2025-02-05 - 2025-02-07,0.1172698742990494
2025-02-05 - 2025-02-09,0.10572469262011806
2025-02-05 - 2025-02-10,0.008823209879023016
2025-02-05 - 2025-02-11,0.07741354699062113
2025-02-05 - 2025-02-12,0.07711606228484578
2025-02-05 - 2025-02-13,0.04993187991427292
2025-02-05 - 2025-02-17,0.0003746176476366723
2025-02-05 - 2025-02-18,0.0260849039682796
2025-02-05 - 2025-02-21,0.10739257824634105
2025-02-05 - 2025-02-22,0.07833712916416409
2025-02-05 - 2025-02-28,0.016059374979875942
2025-02-05 - 2025-03-01,0.6406288092097007
2025-02-05 - 2025-03-02,0.10131822712784863
2025-02-05 - 2025-03-03,0.061591117798939124
2025-02-05 - 2025-03-04,0.04799709535084268
2025-02-05 - 2025-03-07,0.5928271086751759
2025-02-05 - 2025-03-10,0.03516741633127346
2025-02-05 - 2025-03-11,0.012078458632138996
2025-02-05 - 2025-03-13,0.025041301719894948
2025-02-05 - 2025-03-14,0.019743043170203593
2025-02-05 - 2025-03-16,0.11025755449315186
2025-02-05 - 2025-03-17,0.0205671088370829
2025-02-05 - 2025-03-18,0.031441848252462594
2025-02-05 - 2025-06-03,0.012899483835816126
2025-02-05 - 2025-06-04,0.11370683371322798
2025-02-05 - 2025-06-05,0.033387468384919225
2025-02-05 - 2025-06-06,0.12554910149939566
2025-02-05 - 2025-06-10,0.010337054206494627
2025-02-06 - 2025-02-07,0.006152897258990348
2025-02-06 - 2025-02-09,0.01769807893792167
2025-02-06 - 2025-02-10,0.13224136124227065
2025-02-06 - 2025-02-11,0.04600922456741862
2025-02-06 - 2025-02-12,0.04630670927319395
2025-02-06 - 2025-02-13,0.07349089164376683
2025-02-06 - 2025-02-17,0.12304815391040307
2025-02-06 - 2025-02-18,0.149502699874736
2025-02-06 - 2025-02-21,0.016038723150167362
2025-02-06 - 2025-02-22,0.04509914809245527
2025-02-06 - 2025-02-28,0.13948179118391435
2025-02-06 - 2025-03-01,0.7640373646829021
2025-02-06 - 2025-03-02,0.02210454443019111
2025-02-06 - 2025-03-03,0.18499967327214054
2025-02-06 - 2025-03-04,0.1714060063321484
2025-02-06 - 2025-03-07,0.46940433711713603
2025-02-06 - 2025-03-10,0.15857597180447489
2025-02-06 - 2025-03-11,0.11139593485919995
2025-02-06 - 2025-03-13,0.14844985719309636
2025-02-06 - 2025-03-14,0.10370354065858968
2025-02-06 - 2025-03-16,0.013165217064887881
2025-02-06 - 2025-03-17,0.14398499354239025
2025-02-06 - 2025-03-18,0.09204658408283879
2025-02-06 - 2025-06-03,0.13630857390623982
2025-02-06 - 2025-06-04,0.009715937844811758
2025-02-06 - 2025-06-05,0.0911929101512113
2025-02-06 - 2025-06-06,0.0021405460261942123
2025-02-06 - 2025-06-10,0.11308864532155251
2025-02-07 - 2025-02-09,0.01154518167893132
2025-02-07 - 2025-02-10,0.12608846398328027
2025-02-07 - 2025-02-11,0.039856682475355204
2025-02-07 - 2025-02-12,0.040153812014203594
2025-02-07 - 2025-02-13,0.06734261426241013
2025-02-07 - 2025-02-17,0.11689525665141273
2025-02-07 - 2025-02-18,0.14334980261574565
2025-02-07 - 2025-02-21,0.009890801381724644
2025-02-07 - 2025-02-22,0.03895122632401255
2025-02-07 - 2025-02-28,0.13332889392492403
2025-02-07 - 2025-03-01,0.7578894429144595
2025-02-07 - 2025-03-02,0.01595200249916341
2025-02-07 - 2025-03-03,0.17885175150369786
2025-02-07 - 2025-03-04,0.1652577290556014
2025-02-07 - 2025-03-07,0.4755572343761264
2025-02-07 - 2025-03-10,0.1524280500360322
2025-02-07 - 2025-03-11,0.10524801309075724
2025-02-07 - 2025-03-13,0.14230193542465364
2025-02-07 - 2025-03-14,0.09755561889014695
2025-02-07 - 2025-03-16,0.007012319805897534
2025-02-07 - 2025-03-17,0.13783209628339993
2025-02-07 - 2025-03-18,0.0858986623143961
2025-02-07 - 2025-06-03,0.13016011754057485
2025-02-07 - 2025-06-04,0.0035630405858214104
2025-02-07 - 2025-06-05,0.08504498838276858
2025-02-07 - 2025-06-06,0.008288467794636926
2025-02-07 - 2025-06-10,0.10693574806256216
2025-02-09 - 2025-02-10,0.11454754709175236
2025-02-09 - 2025-02-11,0.028320385983325824
2025-02-09 - 2025-02-12,0.02860863036229352
2025-02-09 - 2025-02-13,0.05580631777038075
2025-02-09 - 2025-02-17,0.10535007499950265
2025-02-09 - 2025-02-18,0.13180924118100895
2025-02-09 - 2025-02-21,0.0016678856262229715
2025-02-09 - 2025-02-22,0.027414929831983178
2025-02-09 - 2025-02-28,0.12178371224599271
2025-02-09 - 2025-03-01,0.7463531464224299
2025-02-09 - 2025-03-02,0.004415706007134034
2025-02-09 - 2025-03-03,0.16731545501166845
2025-02-09 - 2025-03-04,0.153721432563572
2025-02-09 - 2025-03-07,0.48710241605505766
2025-02-09 - 2025-03-10,0.1408917535440028
2025-02-09 - 2025-03-11,0.09371171659872786
2025-02-09 - 2025-03-13,0.13076563893262427
2025-02-09 - 2025-03-14,0.08601932239811758
2025-02-09 - 2025-03-16,0.004532861873033787
2025-02-09 - 2025-03-17,0.12629144604981224
2025-02-09 - 2025-03-18,0.07436236582236672
2025-02-09 - 2025-06-03,0.11862382104854546
2025-02-09 - 2025-06-04,0.007982141093109912
2025-02-09 - 2025-06-05,0.0735086918907392
2025-02-09 - 2025-06-06,0.019824764286666297
2025-02-09 - 2025-06-10,0.09539056638363082
2025-02-10 - 2025-02-11,0.08623213667485201
2025-02-10 - 2025-02-12,0.08593891672945883
2025-02-10 - 2025-02-13,0.0587504695985038
2025-02-10 - 2025-02-17,0.009197472092249706
2025-02-10 - 2025-02-18,0.017261694089256582
2025-02-10 - 2025-02-21,0.11621116793057193
2025-02-10 - 2025-02-22,0.08715571884839497
2025-02-10 - 2025-02-28,0.007240429941643756
2025-02-10 - 2025-03-01,0.6318055993306777
2025-02-10 - 2025-03-02,0.11013681681207951
2025-02-10 - 2025-03-03,0.05276790791991611
2025-02-10 - 2025-03-04,0.03917388547181966
2025-02-10 - 2025-03-07,0.6016456983594066
2025-02-10 - 2025-03-10,0.026344206452250447
2025-02-10 - 2025-03-11,0.02089704831636988
2025-02-10 - 2025-03-13,0.016218091840871928
2025-02-10 - 2025-03-14,0.028561632854434478
2025-02-10 - 2025-03-16,0.11907614417738276
2025-02-10 - 2025-03-17,0.011743898958059884
2025-02-10 - 2025-03-18,0.040260437936693476
2025-02-10 - 2025-06-03,0.00407627395679311
2025-02-10 - 2025-06-04,0.12252738366960152
2025-02-10 - 2025-06-05,0.042206058069150114
2025-02-10 - 2025-06-06,0.13437231137841862
2025-02-10 - 2025-06-10,0.019160264085517645
2025-02-11 - 2025-02-12,0.0002974847057753232
2025-02-11 - 2025-02-13,0.027485931787054926
2025-02-11 - 2025-02-17,0.07703892934298445
2025-02-11 - 2025-02-18,0.10349347530731737
2025-02-11 - 2025-02-21,0.029979031255719924
2025-02-11 - 2025-02-22,0.0009235821735429702
2025-02-11 - 2025-02-28,0.09347256661649576
2025-02-11 - 2025-03-01,0.7180327604391042
2025-02-11 - 2025-03-02,0.02390468013722751
2025-02-11 - 2025-03-03,0.13899506902834263
2025-02-11 - 2025-03-04,0.12540104658024617
2025-02-11 - 2025-03-07,0.5154135616845547
2025-02-11 - 2025-03-10,0.11257136756067697
2025-02-11 - 2025-03-11,0.06539133061540203
2025-02-11 - 2025-03-13,0.10244525294929846
2025-02-11 - 2025-03-14,0.05769893641479175
2025-02-11 - 2025-03-16,0.032848361057942664
2025-02-11 - 2025-03-17,0.09797576897497164
2025-02-11 - 2025-03-18,0.04604197983904089
2025-02-11 - 2025-06-03,0.09030343506521964
2025-02-11 - 2025-06-04,0.036300222561174995
2025-02-11 - 2025-06-05,0.045188305907413386
2025-02-11 - 2025-06-06,0.048145150269992124
2025-02-11 - 2025-06-10,0.0670794207541339
2025-02-12 - 2025-02-13,0.027197687408087232
2025-02-12 - 2025-02-17,0.07674144463720912
2025-02-12 - 2025-02-18,0.10320061081871541
2025-02-12 - 2025-02-21,0.03027651596149524
2025-02-12 - 2025-02-22,0.0012210668793182933
2025-02-12 - 2025-02-28,0.09317508191072044
2025-02-12 - 2025-03-01,0.7177445160601363
2025-02-12 - 2025-03-02,0.024202164843002832
2025-02-12 - 2025-03-03,0.13870682464937495
2025-02-12 - 2025-03-04,0.12511280220127846
2025-02-12 - 2025-03-07,0.5157110463903299
2025-02-12 - 2025-03-10,0.11228312318170929
2025-02-12 - 2025-03-11,0.06510308623643432
2025-02-12 - 2025-03-13,0.10215700857033076
2025-02-12 - 2025-03-14,0.05741069203582406
2025-02-12 - 2025-03-16,0.03314149220830606
2025-02-12 - 2025-03-17,0.0976828156875187
2025-02-12 - 2025-03-18,0.045753735460073185
2025-02-12 - 2025-06-03,0.09001519068625194
2025-02-12 - 2025-06-04,0.03659077142838219
2025-02-12 - 2025-06-05,0.04490006152844568
2025-02-12 - 2025-06-06,0.04843339464895982
2025-02-12 - 2025-06-10,0.06678193604835855
2025-02-13 - 2025-02-17,0.049557262266636246
2025-02-13 - 2025-02-18,0.07601180823096916
2025-02-13 - 2025-02-21,0.05746069833206813
2025-02-13 - 2025-02-22,0.028405249249891178
2025-02-13 - 2025-02-28,0.06599089954014756
2025-02-13 - 2025-03-01,0.6905468286520492
2025-02-13 - 2025-03-02,0.05139061176324672
2025-02-13 - 2025-03-03,0.11150913724128772
2025-02-13 - 2025-03-04,0.09791511479319126
2025-02-13 - 2025-03-07,0.5428952287609028
2025-02-13 - 2025-03-10,0.08508543577362206
2025-02-13 - 2025-03-11,0.037905398828347106
2025-02-13 - 2025-03-13,0.07495932116224353
2025-02-13 - 2025-03-14,0.030213004627736826
2025-02-13 - 2025-03-16,0.06033429284499759
2025-02-13 - 2025-03-17,0.07049410189862344
2025-02-13 - 2025-03-18,0.018556048051985956
2025-02-13 - 2025-06-03,0.062817682262473
2025-02-13 - 2025-06-04,0.06378615434822993
2025-02-13 - 2025-06-05,0.017702374120358456
2025-02-13 - 2025-06-06,0.07563108205704705
2025-02-13 - 2025-06-10,0.039597753677785674
2025-02-17 - 2025-02-18,0.026459166181506285
2025-02-17 - 2025-02-21,0.10701796059870437
2025-02-17 - 2025-02-22,0.0779625115165274
2025-02-17 - 2025-02-28,0.016433637273511312
2025-02-17 - 2025-03-01,0.6410030714229273
2025-02-17 - 2025-03-02,0.10094360948021197
2025-02-17 - 2025-03-03,0.06196538001216582
2025-02-17 - 2025-03-04,0.048371357564069364
2025-02-17 - 2025-03-07,0.592452491027539
2025-02-17 - 2025-03-10,0.03554167854450015
2025-02-17 - 2025-03-11,0.011703840984502325
2025-02-17 - 2025-03-13,0.025415563933121634
2025-02-17 - 2025-03-14,0.01936842552256692
2025-02-17 - 2025-03-16,0.1098829368455152
2025-02-17 - 2025-03-17,0.02094137105030959
2025-02-17 - 2025-03-18,0.031067230604825923
2025-02-17 - 2025-06-03,0.013273746049042814
2025-02-17 - 2025-06-04,0.11333221606559131
2025-02-17 - 2025-06-05,0.03301285073728255
2025-02-17 - 2025-06-06,0.12517483928616896
2025-02-17 - 2025-06-10,0.00996279199326794
2025-02-18 - 2025-02-21,0.1334725065630373
2025-02-18 - 2025-02-22,0.10441705748086035
2025-02-18 - 2025-02-28,0.010025528988403653
2025-02-18 - 2025-03-01,0.614543905241421
2025-02-18 - 2025-03-02,0.12739815544454486
2025-02-18 - 2025-03-03,0.035506213830659536
2025-02-18 - 2025-03-04,0.02191219138256308
2025-02-18 - 2025-03-07,0.618907036991872
2025-02-18 - 2025-03-10,0.009082512362993865
2025-02-18 - 2025-03-11,0.03815838694883524
2025-02-18 - 2025-03-13,0.0011144172413278253
2025-02-18 - 2025-03-14,0.04582297148689984
2025-02-18 - 2025-03-16,0.13633748280984812
2025-02-18 - 2025-03-17,0.0055177951311966966
2025-02-18 - 2025-03-18,0.05752177656915884
2025-02-18 - 2025-06-03,0.013194125968496163
2025-02-18 - 2025-06-04,0.13978907775885807
2025-02-18 - 2025-06-05,0.05946739670161547
2025-02-18 - 2025-06-06,0.15163400546767525
2025-02-18 - 2025-06-10,0.03642195817477423
2025-02-21 - 2025-02-22,0.02906042494228791
2025-02-21 - 2025-02-28,0.12345159787221568
2025-02-21 - 2025-03-01,0.7479986415327348
2025-02-21 - 2025-03-02,0.006074351118492412
2025-02-21 - 2025-03-03,0.1689652151192689
2025-02-21 - 2025-03-04,0.1553758130204497
2025-02-21 - 2025-03-07,0.48543453042883467
2025-02-21 - 2025-03-10,0.14253724865430753
2025-02-21 - 2025-03-11,0.0953572117090326
2025-02-21 - 2025-03-13,0.132411134042929
2025-02-21 - 2025-03-14,0.08766481750842231
2025-02-21 - 2025-03-16,0.002882479964312107
2025-02-21 - 2025-03-17,0.12795480023069153
2025-02-21 - 2025-03-18,0.07600786093267144
2025-02-21 - 2025-06-03,0.12027838059454113
2025-02-21 - 2025-06-04,0.006334341467544444
2025-02-21 - 2025-06-05,0.07515418700104394
2025-02-21 - 2025-06-06,0.018179269176361573
2025-02-21 - 2025-06-10,0.09705845200985379
2025-02-22 - 2025-02-28,0.09439614879003873
2025-02-22 - 2025-03-01,0.7189382165904467
2025-02-22 - 2025-03-02,0.022999223824849147
2025-02-22 - 2025-03-03,0.13990976603709196
2025-02-22 - 2025-03-04,0.12632036393827273
2025-02-22 - 2025-03-07,0.5144899795110116
2025-02-22 - 2025-03-10,0.11347682371201961
2025-02-22 - 2025-03-11,0.06629678676674468
2025-02-22 - 2025-03-13,0.1033507091006411
2025-02-22 - 2025-03-14,0.05860439256613441
2025-02-22 - 2025-03-16,0.03194290490660002
2025-02-22 - 2025-03-17,0.09889935114851461
2025-02-22 - 2025-03-18,0.046947435990383535
2025-02-22 - 2025-06-03,0.09122293151236416
2025-02-22 - 2025-06-04,0.03539476640983235
2025-02-22 - 2025-06-05,0.04609376205875604
2025-02-22 - 2025-06-06,0.04723969411864948
2025-02-22 - 2025-06-10,0.06800300292767686
2025-02-28 - 2025-03-01,0.6245694342298248
2025-02-28 - 2025-03-02,0.11737724675372328
2025-02-28 - 2025-03-03,0.045531742819063185
2025-02-28 - 2025-03-04,0.03193772037096673
2025-02-28 - 2025-03-07,0.6088861283010504
2025-02-28 - 2025-03-10,0.019108041351397518
2025-02-28 - 2025-03-11,0.02813747825801364
2025-02-28 - 2025-03-13,0.008981926740019004
2025-02-28 - 2025-03-14,0.035802062796078234
2025-02-28 - 2025-03-16,0.1263165741190265
2025-02-28 - 2025-03-17,0.004507733857206957
2025-02-28 - 2025-03-18,0.04750086787833723
2025-02-28 - 2025-06-03,0.0031732172776745573
2025-02-28 - 2025-06-04,0.12976585333910265
2025-02-28 - 2025-06-05,0.04944648801079386
2025-02-28 - 2025-06-06,0.1416084764792716
2025-02-28 - 2025-06-10,0.02639642918637057
2025-03-01 - 2025-03-02,0.741937440415296
2025-03-01 - 2025-03-03,0.5790376914107614
2025-03-01 - 2025-03-04,0.5926317138588579
2025-03-01 - 2025-03-07,1.2330191220848437
2025-03-01 - 2025-03-10,0.6054613928784273
2025-03-01 - 2025-03-11,0.6526414298237021
2025-03-01 - 2025-03-13,0.6155875074898056
2025-03-01 - 2025-03-14,0.6603338240243123
2025-03-01 - 2025-03-16,0.7508811214970468
2025-03-01 - 2025-03-17,0.6200617003726177
2025-03-01 - 2025-03-18,0.6719907806000633
2025-03-01 - 2025-06-03,0.6277293253738845
2025-03-01 - 2025-06-04,0.7543329830002792
2025-03-01 - 2025-06-05,0.6735794817945872
2025-03-01 - 2025-06-06,0.7661779107090964
2025-03-01 - 2025-06-10,0.6509658634161953
2025-03-02 - 2025-03-03,0.16289974900453444
2025-03-02 - 2025-03-04,0.149305726556438
2025-03-02 - 2025-03-07,0.49150888154732714
2025-03-02 - 2025-03-10,0.13647604753686876
2025-03-02 - 2025-03-11,0.08929601059159384
2025-03-02 - 2025-03-13,0.12634993292549024
2025-03-02 - 2025-03-14,0.08160361639098355
2025-03-02 - 2025-03-16,0.00894368108175087
2025-03-02 - 2025-03-17,0.12188044911219914
2025-03-02 - 2025-03-18,0.06994665981523268
2025-03-02 - 2025-06-03,0.11420811504141143
2025-03-02 - 2025-06-04,0.012395542584983208
2025-03-02 - 2025-06-05,0.06909298588360518
2025-03-02 - 2025-06-06,0.024240470293800335
2025-03-02 - 2025-06-10,0.0909841008913614
2025-03-03 - 2025-03-04,0.013594022448096453
2025-03-03 - 2025-03-07,0.6543997455481037
2025-03-03 - 2025-03-10,0.026509175976895793
2025-03-03 - 2025-03-11,0.07365109550506688
2025-03-03 - 2025-03-13,0.03660712579755944
2025-03-03 - 2025-03-14,0.08131568004313146
2025-03-03 - 2025-03-16,0.1718434300862853
2025-03-03 - 2025-03-17,0.041024008961856234
2025-03-03 - 2025-03-18,0.09301448512539046
2025-03-03 - 2025-06-03,0.048691633963123
2025-03-03 - 2025-06-04,0.17529529158951765
2025-03-03 - 2025-06-05,0.09496010525784708
2025-03-03 - 2025-06-06,0.1871402192983348
2025-03-03 - 2025-06-10,0.07192817200543375
2025-03-04 - 2025-03-07,0.6408103434492844
2025-03-04 - 2025-03-10,0.012919773878076584
2025-03-04 - 2025-03-11,0.06006169340624765
2025-03-04 - 2025-03-13,0.023017723698740233
2025-03-04 - 2025-03-14,0.06772627794431224
2025-03-04 - 2025-03-16,0.15824940763818884
2025-03-04 - 2025-03-17,0.027429986513759774
2025-03-04 - 2025-03-18,0.07942508302657125
2025-03-04 - 2025-06-03,0.03509761151502655
2025-03-04 - 2025-06-04,0.1617012691414212
2025-03-04 - 2025-06-05,0.08137070315902788
2025-03-04 - 2025-06-06,0.1735461968502383
2025-03-04 - 2025-06-10,0.0583341495573373
2025-03-07 - 2025-03-10,0.6278905695712078
2025-03-07 - 2025-03-11,0.5807486500430368
2025-03-07 - 2025-03-13,0.6177926197505441
2025-03-07 - 2025-03-14,0.5730840655049722
2025-03-07 - 2025-03-16,0.4825695541820239
2025-03-07 - 2025-03-17,0.6133893306595263
2025-03-07 - 2025-03-18,0.5613852604227132
2025-03-07 - 2025-06-03,0.6057129110233759
2025-03-07 - 2025-06-04,0.47912027496194776
2025-03-07 - 2025-06-05,0.5594396402902565
2025-03-07 - 2025-06-06,0.4672802298844546
2025-03-07 - 2025-06-10,0.5824929824386885
2025-03-10 - 2025-03-11,0.047180036945274936
2025-03-10 - 2025-03-13,0.010126114611378518
2025-03-10 - 2025-03-14,0.05487243114588522
2025-03-10 - 2025-03-16,0.14541972861861965
2025-03-10 - 2025-03-17,0.014600307494190563
2025-03-10 - 2025-03-18,0.0665293877216361
2025-03-10 - 2025-06-03,0.022267932495457336
2025-03-10 - 2025-06-04,0.14887159012185197
2025-03-10 - 2025-06-05,0.0684509292809513
2025-03-10 - 2025-06-06,0.1607165178306691
2025-03-10 - 2025-06-10,0.04550447053776809
2025-03-11 - 2025-03-13,0.03705392233389642
2025-03-11 - 2025-03-14,0.0076923942006102836
2025-03-11 - 2025-03-16,0.0982396916733447
2025-03-11 - 2025-03-17,0.03264068061648951
2025-03-11 - 2025-03-18,0.019363389620323596
2025-03-11 - 2025-06-03,0.02496426098033908
2025-03-11 - 2025-06-04,0.10169155317657705
2025-03-11 - 2025-06-05,0.02130900975278023
2025-03-11 - 2025-06-06,0.11353648088539417
2025-03-11 - 2025-06-10,0.001744332395651754
2025-03-13 - 2025-03-14,0.044746316534506704
2025-03-13 - 2025-03-16,0.13529361400724113
2025-03-13 - 2025-03-17,0.004474192882812046
2025-03-13 - 2025-03-18,0.056407359327831016
2025-03-13 - 2025-06-03,0.01214181788407882
2025-03-13 - 2025-06-04,0.13874547551047348
2025-03-13 - 2025-06-05,0.058352979460287654
2025-03-13 - 2025-06-06,0.15059040321929057
2025-03-13 - 2025-06-10,0.03537835592638957
2025-03-14 - 2025-03-16,0.0905472974727344
2025-03-14 - 2025-03-17,0.040305265154554105
2025-03-14 - 2025-03-18,0.011698805082259003
2025-03-14 - 2025-06-03,0.03262884551840368
2025-03-14 - 2025-06-04,0.09399915897596675
2025-03-14 - 2025-06-05,0.013644425214715636
2025-03-14 - 2025-06-06,0.10584408668478389
2025-03-14 - 2025-06-10,0.009408916933716349
2025-03-16 - 2025-03-17,0.13081977647750237
2025-03-16 - 2025-03-18,0.07889034089698356
2025-03-16 - 2025-06-03,0.12315179612316231
2025-03-16 - 2025-06-04,0.0034518615032323374
2025-03-16 - 2025-06-05,0.07803666696535605
2025-03-16 - 2025-06-06,0.015296789212049465
2025-03-16 - 2025-06-10,0.09992342825666461
2025-03-17 - 2025-03-18,0.0520040702368131
2025-03-17 - 2025-06-03,0.00767641963615043
2025-03-17 - 2025-06-04,0.13427128262766141
2025-03-17 - 2025-06-05,0.05394969036926974
2025-03-17 - 2025-06-06,0.1461162103364785
2025-03-17 - 2025-06-10,0.03090416304357753
2025-03-18 - 2025-06-03,0.044327650600662676
2025-03-18 - 2025-06-04,0.08234220240021589
2025-03-18 - 2025-06-05,0.0019456201324566324
2025-03-18 - 2025-06-06,0.09418713010903301
2025-03-18 - 2025-06-10,0.021107722015975352
2025-06-03 - 2025-06-04,0.1266036576263946
2025-06-03 - 2025-06-05,0.046273270733119314
2025-06-03 - 2025-06-06,0.1384485853352118
2025-06-03 - 2025-06-10,0.023236538042310753
2025-06-04 - 2025-06-05,0.08148852846858838
2025-06-04 - 2025-06-06,0.011844927708817126
2025-06-04 - 2025-06-10,0.10337270747674074
2025-06-05 - 2025-06-06,0.0933334561774055
2025-06-05 - 2025-06-10,0.023053342148431986
2025-06-06 - 2025-06-10,0.1152127525542339
