motor,date,row_count,diff,first_value,last_value,delta_t,diff_rate,fname
TORAY_P1730A,2024-06-05,23524,3479.8912847222205,0.0,,23.998055555555556,145.00721846677385,2024-06-05_000001_to_2024-06-05_235957
TORAY_P1730A,2024-06-07,23513,18541.187847222216,0.0,,23.9975,772.6299759234178,2024-06-07_000002_to_2024-06-07_235956
TORAY_P1730A,2024-06-13,23521,10868.213437500002,0.0,,23.998333333333335,452.87367612334197,2024-06-13_000002_to_2024-06-13_235959
TORAY_P1730A,2024-07-01,23534,8145.373298611118,0.0,,23.998333333333335,339.4141245341114,2024-07-01_000001_to_2024-07-01_235959
TORAY_P1730A,2024-07-07,23493,10114.18572916667,0.0,,23.997777777777777,421.46342977359024,2024-07-07_000002_to_2024-07-07_235957
TORAY_P1730A,2024-07-14,23534,8715.21194444445,0.0,,23.9975,363.1716613999146,2024-07-14_000003_to_2024-07-14_235957
TORAY_P1730A,2024-07-23,23546,9468.174236111114,0.0,,23.99861111111111,394.530091440477,2024-07-23_000001_to_2024-07-23_235959
TORAY_P1730A,2024-07-28,23464,11313.5945138889,0.0,,23.9975,471.4488806704407,2024-07-28_000003_to_2024-07-28_235957
TORAY_P1730A,2024-08-03,23473,10418.68982638887,0.0,,23.997222222222224,434.1623263687919,2024-08-03_000003_to_2024-08-03_235957
TORAY_P1730A,2024-08-10,23452,7050.8371875000075,0.0,,23.9975,293.8154885925621,2024-08-10_000002_to_2024-08-10_235957
TORAY_P1730A,2024-08-17,23459,11343.900208333327,0.0,,23.997777777777777,472.7062777803498,2024-08-17_000002_to_2024-08-17_235958
TORAY_P1730A,2024-08-25,23512,7794.962916666651,0.0,,23.997777777777777,324.8201974719875,2024-08-25_000003_to_2024-08-25_235958
TORAY_P1730A,2024-09-08,23507,11055.75625000001,0.0,,23.998055555555556,460.6938351486814,2024-09-08_000002_to_2024-09-08_235959
TORAY_P1730A,2024-09-15,23510,8790.884895833338,0.0,,23.998333333333335,366.3123090145151,2024-09-15_000002_to_2024-09-15_235959
TORAY_P1730A,2024-09-17,23482,1827.4284722222214,0.0,,23.998055555555556,76.14902249024802,2024-09-17_000000_to_2024-09-17_235956
TORAY_P1730A,2024-12-02,23434,10197.785312499993,0.0,,23.9975,424.95198718616496,2024-12-02_000002_to_2024-12-02_235956
TORAY_P1730A,2024-12-10,23394,20790.229479166654,0.0,,23.998055555555556,866.3297503848686,2024-12-10_000002_to_2024-12-10_235958
TORAY_P1730A,2024-12-25,23426,14847.606840277795,0.0,,23.9975,618.7147344630814,2024-12-25_000002_to_2024-12-25_235957
TORAY_P1730B,2024-06-07,23512,8146.769965277768,0.0,,23.9975,339.4841114815197,2024-06-07_000002_to_2024-06-07_235956
TORAY_P1730B,2024-06-16,23502,14122.26555555556,0.0,,23.997222222222224,588.4958444264383,2024-06-16_000003_to_2024-06-16_235957
TORAY_P1730B,2024-06-21,23519,13045.33684027778,0.0,,23.99888888888889,543.5808674591417,2024-06-21_000000_to_2024-06-21_235959
TORAY_P1730B,2024-06-27,23528,8085.252708333347,0.0,,23.997777777777777,336.91672550699195,2024-06-27_000002_to_2024-06-27_235958
TORAY_P1730B,2024-09-04,23529,7303.660277777775,0.0,,23.99861111111111,304.336790323514,2024-09-04_000001_to_2024-09-04_235959
TORAY_P1730B,2024-09-24,23447,11502.626527777787,0.0,,23.9975,479.3260351193994,2024-09-24_000002_to_2024-09-24_235956
TORAY_P1730B,2024-12-16,23381,14864.79982638889,0.0,,23.997222222222224,619.4383536867692,2024-12-16_000003_to_2024-12-16_235957
TORAY_P1730B,2025-01-01,23361,10980.802604166682,0.0,,23.998333333333335,457.5652172025841,2025-01-01_000000_to_2025-01-01_235957
TORAY_P1730B,2025-01-06,23419,7182.098645833332,0.0,,23.998055555555556,299.2783573321912,2025-01-06_000002_to_2025-01-06_235958
TORAY_P1730B,2025-01-12,23452,11980.25996527778,0.0,,23.998055555555556,499.2179444515182,2025-01-12_000000_to_2025-01-12_235956
TORAY_P1730B,2025-01-19,23446,7054.535451388876,0.0,,23.99861111111111,293.95598848312926,2025-01-19_000000_to_2025-01-19_235958
TORAY_P1730B,2025-01-26,23430,9903.705486111125,0.0,,23.997777777777777,412.6926075331055,2025-01-26_000002_to_2025-01-26_235957
TORAY_P7412A_EXT,2024-12-04,23054,135227.88881944443,4.549375,,23.997222222222224,5635.147583632364,2024-12-04_000003_to_2024-12-04_235956
TORAY_P7412A_EXT,2024-12-05,23044,138231.82604166592,4.544166666666667,,23.998055555555556,5760.126095285466,2024-12-05_000000_to_2024-12-05_235957
TORAY_P7412A_EXT,2024-12-06,23062,136220.79336805586,6.208194444444445,,23.998333333333335,5676.26057509782,2024-12-06_000000_to_2024-12-06_235958
TORAY_P7412A_EXT,2024-12-07,23055,135407.55013888841,6.175138888888889,,23.998333333333335,5642.37308725141,2024-12-07_000001_to_2024-12-07_235959
TORAY_P7412A_EXT,2024-12-08,23046,136729.83197916643,6.185416666666667,,23.998333333333335,5697.471990242368,2024-12-08_000002_to_2024-12-08_235959
TORAY_P7412A_EXT,2024-12-09,23052,134347.353159722,5.043854166666667,,23.997222222222224,5598.454350908661,2024-12-09_000003_to_2024-12-09_235956
TORAY_P7412A_EXT,2024-12-10,23041,134012.86343750008,4.571354166666667,,23.998055555555556,5584.321743370415,2024-12-10_000000_to_2024-12-10_235957
TORAY_P7412A_EXT,2024-12-11,22988,136984.2917013887,6.629583333333334,,23.998333333333335,5708.075215003348,2024-12-11_000000_to_2024-12-11_235957
TORAY_P7412A_EXT,2024-12-12,23154,137269.2986111104,4.588541666666667,,23.997777777777777,5720.083746180172,2024-12-12_000001_to_2024-12-12_235956
TORAY_P7412A_EXT,2024-12-13,23165,140441.48833333424,4.930416666666667,,23.99888888888889,5851.999606463301,2024-12-13_000000_to_2024-12-13_235959
TORAY_P7412A_EXT,2024-12-14,23415,136853.93614583308,4.995729166666667,,23.9975,5702.841385387356,2024-12-14_000003_to_2024-12-14_235957
TORAY_P7412A_EXT,2024-12-15,23460,134017.64309027747,4.945625000000001,,23.99861111111111,5584.391632906984,2024-12-15_000001_to_2024-12-15_235959
TORAY_P7412A_EXT,2024-12-16,23379,138290.61604166578,4.9821875,,23.998055555555556,5762.575877096487,2024-12-16_000003_to_2024-12-16_235959
TORAY_P7412A_EXT,2024-12-17,23441,136572.35718749944,5.281041666666667,,23.998055555555556,5690.975957253458,2024-12-17_000003_to_2024-12-17_235959
TORAY_P7412A_EXT,2024-12-18,23407,137355.05322916535,4.944583333333334,,23.9975,5723.72343907346,2024-12-18_000003_to_2024-12-18_235958
TORAY_P7412A_EXT,2024-12-19,23351,134904.83034722312,4.9461458333333335,,23.998333333333335,5621.424974535305,2024-12-19_000001_to_2024-12-19_235958
TORAY_P7412A_EXT,2024-12-20,23442,134758.56850694443,6.074027777777777,,23.997777777777777,5615.460304484211,2024-12-20_000001_to_2024-12-20_235956
TORAY_P7412A_EXT,2024-12-21,23352,134623.2347222223,5.256875,,23.998333333333335,5609.691008634862,2024-12-21_000000_to_2024-12-21_235957
TORAY_P7412A_EXT,2024-12-22,23442,134621.79479166665,4.6397916666666665,,23.998055555555556,5609.695938907086,2024-12-22_000001_to_2024-12-22_235957
TORAY_P7412A_EXT,2024-12-23,23370,136389.83503472165,4.61875,,23.998333333333335,5683.3044670347235,2024-12-23_000001_to_2024-12-23_235958
TORAY_P7412A_EXT,2024-12-24,23354,142108.81368055556,6.16375,,23.998333333333335,5921.611793064333,2024-12-24_000001_to_2024-12-24_235958
TORAY_P7412A_EXT,2024-12-25,23428,146651.9672916671,4.860729166666667,,23.997777777777777,6111.064476456171,2024-12-25_000002_to_2024-12-25_235958
TORAY_P7412A_EXT,2024-12-26,23418,142788.33163194451,6.990972222222222,,23.997777777777777,5950.064749918977,2024-12-26_000001_to_2024-12-26_235956
TORAY_P7412A_EXT,2024-12-27,23407,140698.76871527743,5.180416666666667,,23.998055555555556,5862.923701862404,2024-12-27_000000_to_2024-12-27_235957
TORAY_P7412A_EXT,2024-12-28,23437,139811.27611111093,5.1053125,,23.998333333333335,5825.874412574939,2024-12-28_000000_to_2024-12-28_235958
TORAY_P7412A_EXT,2024-12-29,23407,142610.69062499958,6.477222222222222,,23.997777777777777,5942.662355889417,2024-12-29_000001_to_2024-12-29_235956
TORAY_P7412A_EXT,2024-12-30,23432,62105.89475694464,5.1111458333333335,,23.99861111111111,2587.8953773366597,2024-12-30_000000_to_2024-12-30_235958
TORAY_P7412A_EXT,2025-01-08,23386,63675.00753472236,0.0,,23.997777777777777,2653.370996446436,2025-01-08_000001_to_2025-01-08_235957
TORAY_P7412A_EXT,2025-01-09,23434,144487.78420138996,5.219062500000001,,23.99861111111111,6020.672760287099,2025-01-09_000000_to_2025-01-09_235959
TORAY_P7412A_EXT,2025-01-10,23377,139737.74031249952,6.945,,23.9975,5823.012410146871,2025-01-10_000002_to_2025-01-10_235956
TORAY_P7412A_EXT,2025-01-11,23385,143069.777083333,4.916875,,23.99861111111111,5961.585710978631,2025-01-11_000000_to_2025-01-11_235958
TORAY_P7412A_EXT,2025-01-12,23437,142654.89979166616,4.88,,23.998055555555556,5944.43576736539,2025-01-12_000002_to_2025-01-12_235958
TORAY_P7412A_EXT,2025-01-13,23396,141988.36875000052,4.888229166666667,,23.998055555555556,5916.661390390446,2025-01-13_000002_to_2025-01-13_235958
TORAY_P7412A_EXT,2025-01-14,23379,143263.6144791666,5.488125,,23.9975,5969.939138625549,2025-01-14_000002_to_2025-01-14_235956
TORAY_P7412A_EXT,2025-01-15,23300,140618.40663194435,5.220416666666667,,23.99861111111111,5859.439364257188,2025-01-15_000000_to_2025-01-15_235959
TORAY_P7412A_EXT,2025-01-16,23167,142228.3589236118,6.4816666666666665,,23.997777777777777,5926.730393149858,2025-01-16_000002_to_2025-01-16_235957
TORAY_P7412A_EXT,2025-01-17,23191,143873.36777777833,5.203125,,23.997777777777777,5995.278775812599,2025-01-17_000001_to_2025-01-17_235957
TORAY_P7412A_EXT,2025-01-18,23175,141877.435520833,6.481944444444444,,23.998055555555556,5912.038797992879,2025-01-18_000000_to_2025-01-18_235957
TORAY_P7412A_EXT,2025-01-19,23169,141719.95781250056,5.1753125,,23.998333333333335,5905.408339988911,2025-01-19_000000_to_2025-01-19_235957
TORAY_P7412A_EXT,2025-01-20,23232,139261.2000694428,5.486562500000001,,23.998055555555556,5803.02015498934,2025-01-20_000001_to_2025-01-20_235958
TORAY_P7412A_EXT,2025-01-21,23177,141994.88027777785,5.324375000000001,,23.997777777777777,5917.001215390317,2025-01-21_000001_to_2025-01-21_235956
TORAY_P7412A_EXT,2025-01-22,23277,140665.01159722268,4.7718750000000005,,23.997777777777777,5861.584889225874,2025-01-22_000000_to_2025-01-22_235956
TORAY_P7412A_EXT,2025-01-23,23253,144434.8163541665,5.123125,,23.998333333333335,6018.535301930683,2025-01-23_000000_to_2025-01-23_235957
TORAY_P7412A_EXT,2025-01-24,23243,142986.57947916625,5.1709375,,23.997777777777777,5958.325841802464,2025-01-24_000001_to_2025-01-24_235956
TORAY_P7412A_EXT,2025-01-25,23214,139417.64243055586,4.754062500000001,,23.99888888888889,5809.337385411374,2025-01-25_000000_to_2025-01-25_235959
TORAY_P7412A_EXT,2025-01-26,23166,139984.66559027744,4.784375000000001,,23.997222222222224,5833.369558108563,2025-01-26_000003_to_2025-01-26_235956
TORAY_P7412A_EXT,2025-01-27,23227,141394.751805556,4.836458333333334,,23.998333333333335,5891.8571486446,2025-01-27_000000_to_2025-01-27_235958
TORAY_P7412A_EXT,2025-01-28,23144,141060.01496527763,6.417361111111111,,23.998055555555556,5877.976848529389,2025-01-28_000001_to_2025-01-28_235958
TORAY_P7412A_EXT,2025-01-29,23168,141928.75204861202,7.61875,,23.997777777777777,5914.245617360441,2025-01-29_000001_to_2025-01-29_235956
TORAY_P7412A_EXT,2025-01-30,23181,141294.4558680564,4.7309375000000005,,23.99861111111111,5887.609712657018,2025-01-30_000000_to_2025-01-30_235958
TORAY_P7412A_EXT,2025-01-31,23203,140539.70447916703,5.0796875,,23.9975,5856.431064867884,2025-01-31_000002_to_2025-01-31_235957
TORAY_P7412A_EXT,2025-02-01,23156,140286.63166666552,6.901388888888889,,23.99861111111111,5845.6146073267655,2025-02-01_000000_to_2025-02-01_235958
TORAY_P7412A_EXT,2025-02-02,23181,142072.45430555503,4.808958333333334,,23.998055555555556,5920.165239081848,2025-02-02_000002_to_2025-02-02_235958
TORAY_P7412A_EXT,2025-02-03,23208,145985.11798611094,6.994722222222222,,23.9975,6083.34693139331,2025-02-03_000002_to_2025-02-03_235956
TORAY_P7412A_EXT,2025-02-04,23208,144518.56302083415,5.5287500000000005,,23.99861111111111,6021.955285317472,2025-02-04_000000_to_2025-02-04_235958
TORAY_P7412A_EXT,2025-02-05,23240,143768.67017361196,5.244791666666667,,23.9975,5990.985318204478,2025-02-05_000002_to_2025-02-05_235957
TORAY_P7412A_EXT,2025-02-06,23177,144190.42354166665,6.612222222222222,,23.998333333333335,6008.351560872282,2025-02-06_000000_to_2025-02-06_235958
TORAY_P7412A_EXT,2025-02-07,23277,145552.84201388914,7.032222222222222,,23.998333333333335,6065.122939671746,2025-02-07_000001_to_2025-02-07_235958
TORAY_P7412A_EXT,2025-02-08,23165,144335.8367708326,5.247708333333334,,23.9975,6014.619721672366,2025-02-08_000002_to_2025-02-08_235957
TORAY_P7412A_EXT,2025-02-09,23207,144365.9155555564,7.132777777777778,,23.998055555555556,6015.733867327249,2025-02-09_000000_to_2025-02-09_235957
TORAY_P7412A_EXT,2025-02-10,23169,145209.80333333375,7.484305555555555,,23.998333333333335,6050.828668657563,2025-02-10_000000_to_2025-02-10_235957
TORAY_P7412A_EXT,2025-02-11,23250,144011.89732639,5.267083333333334,,23.997777777777777,6001.051374837994,2025-02-11_000001_to_2025-02-11_235956
TORAY_P7412A_EXT,2025-02-12,23235,146631.3010416654,5.304479166666667,,23.99888888888889,6109.920410088377,2025-02-12_000000_to_2025-02-12_235959
TORAY_P7412A_EXT,2025-02-13,23290,145329.71197916692,4.991562500000001,,23.997222222222224,6056.105603947227,2025-02-13_000003_to_2025-02-13_235957
TORAY_P7412A_EXT,2025-02-14,23256,145879.59166666708,7.064444444444445,,23.998333333333335,6078.738454059327,2025-02-14_000000_to_2025-02-14_235958
TORAY_P7412A_EXT,2025-02-15,23206,147612.8858333332,5.5359375,,23.99861111111111,6150.892864170374,2025-02-15_000001_to_2025-02-15_235959
TORAY_P7412A_EXT,2025-02-16,23215,148725.78600694376,5.395729166666667,,23.997777777777777,6197.481591177396,2025-02-16_000003_to_2025-02-16_235958
TORAY_P7412A_EXT,2025-02-17,23224,149236.7104513887,5.424479166666667,,23.997777777777777,6218.772081037589,2025-02-17_000002_to_2025-02-17_235958
TORAY_P7412A_EXT,2025-02-18,23323,146214.55437499972,6.680416666666667,,23.997777777777777,6092.837250555595,2025-02-18_000001_to_2025-02-18_235957
TORAY_P7412A_EXT,2025-02-19,23473,152790.87357638843,5.6796875,,23.998333333333335,6366.728532942083,2025-02-19_000000_to_2025-02-19_235958
TORAY_P7412A_EXT,2025-02-20,23427,152349.9323611101,5.671145833333334,,23.99861111111111,6348.281225765339,2025-02-20_000001_to_2025-02-20_235959
TORAY_P7412A_EXT,2025-02-21,22793,151498.3491319444,5.573541666666667,,23.997777777777777,6313.015752326602,2025-02-21_000003_to_2025-02-21_235958
TORAY_P7412A_EXT,2025-02-22,22963,153122.84784722255,5.14125,,23.997777777777777,6380.709466733045,2025-02-22_000002_to_2025-02-22_235957
TORAY_P7412A_EXT,2025-02-23,22958,152315.7222569441,5.706666666666667,,23.998333333333335,6346.929186343945,2025-02-23_000001_to_2025-02-23_235958
TORAY_P7412A_EXT,2025-02-24,23014,151759.52072916753,5.5615625,,23.997777777777777,6323.898909910676,2025-02-24_000002_to_2025-02-24_235957
TORAY_P7412A_EXT,2025-02-25,23011,151070.0256597229,5.430104166666667,,23.997777777777777,6295.167288348486,2025-02-25_000001_to_2025-02-25_235956
TORAY_P7412A_EXT,2025-02-26,22890,150199.3413541666,5.755000000000001,,23.99861111111111,6258.668081196825,2025-02-26_000000_to_2025-02-26_235959
TORAY_P7412A_EXT,2025-02-27,22976,52983.86125000001,7.573055555555555,,23.997777777777777,2207.8653173904995,2025-02-27_000002_to_2025-02-27_235958
TORAY_P7412A_MCC,2024-12-05,23062,22169.466493055563,0.0,,23.99888888888889,923.7705376985049,2024-12-05_000000_to_2024-12-05_235959
TORAY_P7412A_MCC,2024-12-06,23068,11516.389479166659,0.0,,23.997777777777777,479.8939962612276,2024-12-06_000003_to_2024-12-06_235958
TORAY_P7412A_MCC,2024-12-09,23060,2895.6711111111085,0.003229166666666667,,23.997222222222224,120.66692904271316,2024-12-09_000003_to_2024-12-09_235956
TORAY_P7412A_MCC,2024-12-10,23056,20202.702638888895,0.0,,23.99861111111111,841.8279935181437,2024-12-10_000000_to_2024-12-10_235959
TORAY_P7412A_MCC,2024-12-11,22992,12089.981111111143,0.0,,23.9975,503.80169230591287,2024-12-11_000002_to_2024-12-11_235957
TORAY_P7412A_MCC,2024-12-13,23175,16157.826180555583,0.0,,23.99861111111111,673.2817205856833,2024-12-13_000000_to_2024-12-13_235959
TORAY_P7412A_MCC,2024-12-15,23425,15910.590173611125,0.0,,23.99861111111111,662.9796241101922,2024-12-15_000001_to_2024-12-15_235959
TORAY_P7412A_MCC,2024-12-17,23377,3938.9920138888874,0.0,,23.998055555555556,164.13796546016454,2024-12-17_000002_to_2024-12-17_235959
TORAY_P7412A_MCC,2024-12-18,23368,19350.531874999968,0.0,,23.997777777777777,806.346823201221,2024-12-18_000002_to_2024-12-18_235957
TORAY_P7412A_MCC,2024-12-19,23389,14504.27684027781,0.0,,23.99861111111111,604.3798440303271,2024-12-19_000001_to_2024-12-19_235959
TORAY_P7412A_MCC,2024-12-21,23398,7796.333159722196,0.0,,23.998333333333335,324.8697753894935,2024-12-21_000000_to_2024-12-21_235957
TORAY_P7412A_MCC,2024-12-22,23405,19620.84343749999,0.0,,23.998055555555556,817.6013840820432,2024-12-22_000001_to_2024-12-22_235957
TORAY_P7412A_MCC,2024-12-23,23386,14149.249166666666,0.0,,23.998333333333335,589.5929925689284,2024-12-23_000000_to_2024-12-23_235957
TORAY_P7412A_MCC,2024-12-25,23384,3711.8299652777782,0.0,,23.997777777777777,154.67390354430967,2024-12-25_000001_to_2024-12-25_235956
TORAY_P7412A_MCC,2024-12-26,23339,9493.225486111096,0.0,,23.998055555555556,395.58311147893863,2024-12-26_000000_to_2024-12-26_235956
TORAY_P7412A_MCC,2024-12-27,23382,34470.747430555515,3.992291666666667,,23.998055555555556,1436.397517738704,2024-12-27_000000_to_2024-12-27_235956
TORAY_P7412A_MCC,2024-12-28,23450,10025.380590277755,0.0,,23.998055555555556,417.75803739886237,2024-12-28_000000_to_2024-12-28_235957
TORAY_P7412A_MCC,2024-12-30,23421,14788.192222222202,0.0,,23.997777777777777,616.2317344198528,2024-12-30_000002_to_2024-12-30_235957
TORAY_P7412A_MCC,2025-01-01,23431,12457.2969791667,0.0,,23.99861111111111,519.0840803865979,2025-01-01_000001_to_2025-01-01_235959
TORAY_P7412A_MCC,2025-01-02,23334,14876.73017361112,0.0,,23.997777777777777,619.9211573409578,2025-01-02_000002_to_2025-01-02_235957
TORAY_P7412A_MCC,2025-01-03,23367,22581.05454861108,0.0,,23.997777777777777,940.9643991920535,2025-01-03_000001_to_2025-01-03_235957
TORAY_P7412A_MCC,2025-01-04,23366,9487.07416666668,0.0,,23.998333333333335,395.3222098756863,2025-01-04_000000_to_2025-01-04_235958
TORAY_P7412A_MCC,2025-01-06,23412,5023.92121527778,0.0,,23.99861111111111,209.34216534521684,2025-01-06_000000_to_2025-01-06_235959
TORAY_P7412A_MCC,2025-01-07,23361,18297.785173611082,0.0,,23.997777777777777,762.478315411148,2025-01-07_000002_to_2025-01-07_235957
TORAY_P7412A_MCC,2025-01-10,23414,16070.906388888885,0.0,,23.9975,669.6908590015163,2025-01-10_000002_to_2025-01-10_235956
TORAY_P7412A_MCC,2025-01-11,23410,5870.391979166674,0.0,,23.99861111111111,244.6138216910704,2025-01-11_000000_to_2025-01-11_235958
TORAY_P7412A_MCC,2025-01-14,23375,15557.6690625,0.0,,23.9975,648.3037425773518,2025-01-14_000002_to_2025-01-14_235956
TORAY_P7412A_MCC,2025-01-15,23320,17357.643819444464,0.0,,23.998333333333335,723.2853872954148,2025-01-15_000000_to_2025-01-15_235957
TORAY_P7412A_MCC,2025-01-17,23191,8914.486979166673,0.0,,23.997777777777777,371.4713529609226,2025-01-17_000001_to_2025-01-17_235957
TORAY_P7412A_MCC,2025-01-20,23178,8887.423715277762,0.0,,23.997777777777777,370.34361254514243,2025-01-20_000002_to_2025-01-20_235958
TORAY_P7412A_MCC,2025-01-21,23217,15366.26444444448,0.0,,23.997777777777777,640.3203074358752,2025-01-21_000001_to_2025-01-21_235956
TORAY_P7412A_MCC,2025-01-22,23243,9907.329618055575,0.0,,23.99888888888889,412.8245129982878,2025-01-22_000000_to_2025-01-22_235959
TORAY_P7412A_MCC,2025-01-23,23209,6178.355520833332,0.0,,23.997777777777777,257.4553184901379,2025-01-23_000002_to_2025-01-23_235958
TORAY_P7412A_MCC,2025-01-24,23248,4422.696875000002,0.0,,23.997777777777777,184.2961009121216,2025-01-24_000001_to_2025-01-24_235956
TORAY_P7412A_MCC,2025-01-27,23209,8859.137708333337,0.0,,23.998333333333335,369.15637370650757,2025-01-27_000000_to_2025-01-27_235958
TORAY_P7412A_MCC,2025-01-28,23217,6092.360694444438,0.0,,23.998333333333335,253.86599185128568,2025-01-28_000001_to_2025-01-28_235958
TORAY_P7412A_MCC,2025-01-29,23172,15129.891493055564,0.0,,23.9975,630.4778203169316,2025-01-29_000002_to_2025-01-29_235956
TORAY_P7412A_MCC,2025-01-31,23144,4620.260868055552,0.0,,23.998333333333335,192.52423924115087,2025-01-31_000000_to_2025-01-31_235958
TORAY_P7412A_MCC,2025-02-03,23239,20876.694999999963,0.0,,23.9975,869.9529117616404,2025-02-03_000002_to_2025-02-03_235956
TORAY_P7412A_MCC,2025-02-05,23204,13766.13864583332,0.0,,23.9975,573.648865333194,2025-02-05_000002_to_2025-02-05_235957
TORAY_P7412A_MCC,2025-02-06,23234,1189.0137499999998,0.0,,23.99861111111111,49.545106777012556,2025-02-06_000000_to_2025-02-06_235958
TORAY_P7412A_MCC,2025-02-07,23231,1817.7130208333347,0.0,,23.997777777777777,75.74505596583023,2025-02-07_000002_to_2025-02-07_235957
TORAY_P7412A_MCC,2025-02-09,23191,3168.5871875000007,0.0,,23.9975,132.03822012709662,2025-02-09_000002_to_2025-02-09_235957
TORAY_P7412A_MCC,2025-02-10,23190,14927.659687499989,0.0,,23.998333333333335,622.0290167719976,2025-02-10_000000_to_2025-02-10_235957
TORAY_P7412A_MCC,2025-02-11,23218,6039.16031249999,0.0,,23.998333333333335,251.64915532328592,2025-02-11_000001_to_2025-02-11_235958
TORAY_P7412A_MCC,2025-02-12,23228,6137.82809027778,0.0,,23.998333333333335,255.76059824756356,2025-02-12_000002_to_2025-02-12_235959
TORAY_P7412A_MCC,2025-02-13,23243,8725.634618055557,0.0,,23.997777777777777,363.60177591675165,2025-02-13_000003_to_2025-02-13_235959
TORAY_P7412A_MCC,2025-02-17,23189,14151.519201388886,0.0,,23.9975,589.7080613142572,2025-02-17_000003_to_2025-02-17_235957
TORAY_P7412A_MCC,2025-02-18,23305,16493.83152777773,0.0,,23.997777777777777,687.3066198259078,2025-02-18_000001_to_2025-02-18_235957
TORAY_P7412A_MCC,2025-02-19,23411,3401.113576388892,0.0,,23.99861111111111,141.72126714508954,2025-02-19_000000_to_2025-02-19_235958
TORAY_P7412A_MCC,2025-02-20,23425,14428.17881944446,0.0,,23.998333333333335,601.2158685788371,2025-02-20_000002_to_2025-02-20_235959
TORAY_P7412A_MCC,2025-02-21,22845,3102.2117013888915,0.0,,23.997777777777777,129.27079040883427,2025-02-21_000003_to_2025-02-21_235959
TORAY_P7412A_MCC,2025-02-22,22945,5984.757604166656,0.0,,23.997777777777777,249.38799165431942,2025-02-22_000002_to_2025-02-22_235957
TORAY_P7412A_MCC,2025-02-24,22959,7685.390729166668,0.0,,23.998055555555556,320.250559941199,2025-02-24_000001_to_2025-02-24_235958
TORAY_P7412A_MCC,2025-02-25,22961,17745.204687500034,0.0,,23.997777777777777,739.4519964232813,2025-02-25_000001_to_2025-02-25_235956
TORAY_P7412A_MCC,2025-02-26,23010,11781.6223611111,0.0,,23.99861111111111,490.92934197580837,2025-02-26_000000_to_2025-02-26_235959
TORAY_P7412A_MCC,2025-02-28,22928,15554.42041666668,0.0,,23.998333333333335,648.1458608236688,2025-02-28_000001_to_2025-02-28_235959
TORAY_P7412A_MCC,2025-03-01,22961,4824.003958333336,0.0,,23.997777777777777,201.01877778035018,2025-03-01_000002_to_2025-03-01_235958
TORAY_P7412A_MCC,2025-03-02,22913,3608.8642361111133,0.0,,23.997777777777777,150.3832675479212,2025-03-02_000001_to_2025-03-02_235957
TORAY_P7412A_MCC,2025-03-03,22935,20429.17017361109,0.0,,23.998333333333335,851.2745401879752,2025-03-03_000000_to_2025-03-03_235957
TORAY_P7412A_MCC,2025-03-04,22929,18968.71718750003,0.0,,23.998333333333335,790.4181062921049,2025-03-04_000001_to_2025-03-04_235959
TORAY_P7412A_MCC,2025-03-06,22929,11579.630972222227,0.0,,23.998055555555556,482.5237171993103,2025-03-06_000002_to_2025-03-06_235959
TORAY_P7412A_MCC,2025-03-10,22950,17092.81256944448,0.0,,23.998055555555556,712.258229833437,2025-03-10_000001_to_2025-03-10_235957
TORAY_P7412A_MCC,2025-03-11,23027,12514.088055555598,0.0,,23.998333333333335,521.4565479084213,2025-03-11_000001_to_2025-03-11_235958
TORAY_P7412A_MCC,2025-03-13,22962,16370.553888888891,0.0,,23.9975,682.1774721903903,2025-03-13_000003_to_2025-03-13_235958
TORAY_P7412A_MCC,2025-03-14,22901,11922.510243055553,0.0,,23.998055555555556,496.8115110599237,2025-03-14_000001_to_2025-03-14_235958
TORAY_P7412A_MCC,2025-03-16,22990,2616.1214583333317,0.0,,23.998055555555556,109.01389290799015,2025-03-16_000002_to_2025-03-16_235958
TORAY_P7412A_MCC,2025-03-17,22960,16138.988125000014,0.0,,23.9975,672.5278935305768,2025-03-17_000002_to_2025-03-17_235957
TORAY_P7412A_MCC,2025-03-18,22969,10767.151319444429,0.0,,23.998055555555556,448.6676553655961,2025-03-18_000000_to_2025-03-18_235957
TORAY_P7412B_EXT,2024-12-30,23431,83480.83045138887,0.0,,23.99861111111111,3478.569241564905,2024-12-30_000000_to_2024-12-30_235958
TORAY_P7412B_EXT,2024-12-31,23371,144943.4915624999,5.031562500000001,,23.997777777777777,6039.871395788958,2024-12-31_000002_to_2024-12-31_235958
TORAY_P7412B_EXT,2025-01-01,23384,145532.30413194423,5.02625,,23.997777777777777,6064.407524712928,2025-01-01_000001_to_2025-01-01_235957
TORAY_P7412B_EXT,2025-01-02,23392,144668.00979166667,7.109305555555555,,23.998333333333335,6028.252369956247,2025-01-02_000000_to_2025-01-02_235957
TORAY_P7412B_EXT,2025-01-03,23375,150224.87000000142,5.288437500000001,,23.998055555555556,6259.876749273727,2025-01-03_000001_to_2025-01-03_235957
TORAY_P7412B_EXT,2025-01-04,23390,147222.50489583274,5.39625,,23.998055555555556,6134.768067146619,2025-01-04_000001_to_2025-01-04_235957
TORAY_P7412B_EXT,2025-01-05,23400,147855.56444444417,6.8093055555555555,,23.998333333333335,6161.076371044273,2025-01-05_000000_to_2025-01-05_235957
TORAY_P7412B_EXT,2025-01-06,23357,145828.9528472211,6.769166666666667,,23.99888888888889,6076.487687508635,2025-01-06_000000_to_2025-01-06_235959
TORAY_P7412B_EXT,2025-01-07,23438,148001.62270833307,5.32625,,23.9975,6167.376714588315,2025-01-07_000003_to_2025-01-07_235958
TORAY_P7412B_EXT,2025-01-08,23386,82509.97503472204,7.700555555555556,,23.997777777777777,3438.233981445034,2025-01-08_000001_to_2025-01-08_235957
TORAY_P7412B_EXT,2025-02-27,22973,98732.8057291663,0.0,,23.998055555555556,4114.200231789597,2025-02-27_000002_to_2025-02-27_235958
TORAY_P7412B_EXT,2025-02-28,23000,151561.39850694523,5.112708333333334,,23.997777777777777,6315.643052886874,2025-02-28_000002_to_2025-02-28_235958
TORAY_P7412B_EXT,2025-03-01,22969,151094.67159722178,6.813472222222222,,23.998055555555556,6296.121418980686,2025-03-01_000001_to_2025-03-01_235957
TORAY_P7412B_EXT,2025-03-02,22996,148752.4185069444,5.4437500000000005,,23.99861111111111,6198.376140112274,2025-03-02_000001_to_2025-03-02_235959
TORAY_P7412B_EXT,2025-03-03,23006,146527.93034722182,5.57375,,23.997777777777777,6105.895791855711,2025-03-03_000003_to_2025-03-03_235959
TORAY_P7412B_EXT,2025-03-04,22944,142800.56680555566,7.0311111111111115,,23.9975,5950.643475593527,2025-03-04_000002_to_2025-03-04_235956
TORAY_P7412B_EXT,2025-03-05,22933,142824.52538194423,4.878020833333333,,23.99861111111111,5951.366298686258,2025-03-05_000000_to_2025-03-05_235959
TORAY_P7412B_EXT,2025-03-06,22967,142665.10624999963,6.889583333333333,,23.998055555555556,5944.861070920082,2025-03-06_000002_to_2025-03-06_235959
TORAY_P7412B_EXT,2025-03-07,22960,145572.3319791666,7.3036111111111115,,23.997777777777777,6066.075506123249,2025-03-07_000002_to_2025-03-07_235957
TORAY_P7412B_EXT,2025-03-08,22948,146209.20538194347,4.988958333333334,,23.998333333333335,6092.473312672135,2025-03-08_000001_to_2025-03-08_235959
TORAY_P7412B_EXT,2025-03-09,22981,145215.63583333252,7.275555555555555,,23.997777777777777,6051.211790443525,2025-03-09_000002_to_2025-03-09_235958
TORAY_P7412B_EXT,2025-03-10,22952,145633.26440972157,6.651527777777778,,23.998055555555556,6068.544348211054,2025-03-10_000001_to_2025-03-10_235958
TORAY_P7412B_EXT,2025-03-11,22967,145307.17791666632,7.4527777777777775,,23.998333333333335,6054.886224737814,2025-03-11_000001_to_2025-03-11_235958
TORAY_P7412B_EXT,2025-03-12,22975,144652.9361111113,4.875520833333334,,23.998333333333335,6027.624256314104,2025-03-12_000002_to_2025-03-12_235959
TORAY_P7412B_EXT,2025-03-13,23006,143829.57465277752,5.240520833333334,,23.9975,5993.523269206273,2025-03-13_000003_to_2025-03-13_235958
TORAY_P7412B_EXT,2025-03-14,22954,143366.71965277783,7.1618055555555555,,23.997777777777777,5974.166482428931,2025-03-14_000001_to_2025-03-14_235956
TORAY_P7412B_EXT,2025-03-15,23004,143524.3446527771,5.170104166666667,,23.99861111111111,5980.527122518636,2025-03-15_000000_to_2025-03-15_235959
TORAY_P7412B_EXT,2025-03-16,22975,143461.1465277778,6.98625,,23.998055555555556,5978.032103295407,2025-03-16_000002_to_2025-03-16_235958
TORAY_P7412B_EXT,2025-03-17,22930,144899.72135416607,6.070208333333333,,23.997777777777777,6038.0474682262,2025-03-17_000002_to_2025-03-17_235957
TORAY_P7412B_EXT,2025-03-18,23026,141862.51173611198,4.871458333333334,,23.997777777777777,5911.485348759181,2025-03-18_000001_to_2025-03-18_235957
TORAY_P7412B_EXT,2025-03-19,22989,142381.9870833328,6.368888888888889,,23.998055555555556,5933.063483152548,2025-03-19_000000_to_2025-03-19_235957
TORAY_P7412B_MCC,2025-01-01,23429,4585.163888888918,0.002604166666666667,,23.99861111111111,191.05955205741196,2025-01-01_000001_to_2025-01-01_235959
TORAY_P7412B_MCC,2025-01-08,23307,19763.340694444436,0.0015625,,23.997777777777777,823.5487834521712,2025-01-08_000001_to_2025-01-08_235957
TORAY_P7412B_MCC,2025-02-15,23196,4073.5303125000014,0.0,,23.99861111111111,169.7402526187859,2025-02-15_000001_to_2025-02-15_235959
TORAY_P7412B_MCC,2025-03-07,22966,19204.005763888952,0.0,,23.998055555555556,800.2317404187866,2025-03-07_000002_to_2025-03-07_235958
